Flow Key,Flow Name,Cleaned Name,Molecular Formula,Molecular Weight,CF1,composition,grade_source
"('ecoinvent-3.4-biosphere', '1aee4aa7-32e0-48e7-a6b5-73d8acf672d3')","Copper, 0.52% in sulfide, Cu 0.27% and Mo 8.2E-3% in crude ore, in ground",multi_element_ore,multi,,4.6799845656829836e-17,"{'Cu': 0.0027, 'Mo': 8.2e-05}",parsed_crude_ore_multi
"('ecoinvent-3.4-biosphere', '7005a356-23d8-4d38-9dbc-fa75401b400e')","Rh, Rh 2.0E-5%, Pt 2.5E-4%, Pd 7.3E-4%, Ni 2.3E+0%, Cu 3.2E+0% in ore, in ground",multi_element_ore,multi,,2.479348455018202e-15,"{'Rh': 2.0000000000000002e-07, 'Pt': 2.5e-06, 'Pd': 7.2999999999999996e-06, 'Ni': 0.023, 'Cu': 0.032}",parsed_crude_ore_multi
"('ecoinvent-3.4-biosphere', 'febbfa6e-44d4-42a0-abcd-aec8a428f75e')","Ni, Ni 3.7E-2%, Pt 4.8E-4%, Pd 2.0E-4%, Rh 2.4E-5%, Cu 5.2E-2% in ore, in ground",multi_element_ore,multi,,3.9949409580727685e-17,"{'Ni': 0.00037, 'Pt': 4.8e-06, 'Pd': 2e-06, 'Rh': 2.4000000000000003e-07, 'Cu': 0.00052}",parsed_crude_ore_multi
"('ecoinvent-3.4-biosphere', '3faef344-9e52-47a3-a317-e17b824cc540')","Zinc, 9.0% in sulfide, Zn 5.3%, Pb, Ag, Cd, In, in ground",multi_element_ore,multi,,5.743385675227064e-15,{'Zn': 0.053},parsed_crude_ore_multi
"('ecoinvent-3.4-biosphere', '6f70e7c7-ef61-4489-b4f3-157e7e8541ef')","Silver, Ag 4.6E-5%, Au 1.3E-4%, in ore, in ground",multi_element_ore,multi,,7.222901903772732e-20,"{'Ag': 4.6e-07, 'Au': 1.2999999999999998e-06}",parsed_crude_ore_multi
"('ecoinvent-3.4-biosphere', 'a45cd247-3532-4e27-bddc-b519fdb5e08f')","Aluminium, in ground",Aluminium,Al,26.981538,4.5150432834172855e-14,{'Al': 0.703},valero_fallback
"('ecoinvent-3.4-biosphere', '99c56f25-9ebb-4e6a-a3e2-e4dc61e9d697')","Iron, 72% in magnetite, 14% in crude ore, in ground",Iron,Fe,55.84,1.3503316153134672e-15,{'Fe': 0.14},parsed_crude_ore
"('ecoinvent-3.4-biosphere', '2d9f9c6b-8dca-4641-8ff9-53cb8beabd13')","Lead, Pb 0.014%, in mixed ore, in ground",multi_element_ore,multi,,1.6597356591276228e-17,{'Pb': 0.00014000000000000001},parsed_crude_ore_multi
"('ecoinvent-3.4-biosphere', '31b4eea9-640e-4056-ac2f-0555627af18a')","Tin, 79% in cassiterite, 0.1% in crude ore, in ground",Tin,Sn,118.71,1.3268575464212294e-16,{'Sn': 0.001},parsed_crude_ore
"('ecoinvent-3.4-biosphere', '4f701354-38fd-40b0-8c90-4c1df36ec45a')","Lead, 5.0% in sulfide, Pb 3.0%, Zn, Ag, Cd, In, in ground",multi_element_ore,multi,,3.556576412416334e-15,{'Pb': 0.03},parsed_crude_ore_multi
"('ecoinvent-3.4-biosphere', 'adfff256-b19a-4083-9783-ffbc7a7cb437')","Silver, Ag 1.5E-5%, Au 5.4E-4%, in ore, in ground",multi_element_ore,multi,,2.3552940990563256e-20,"{'Ag': 1.5e-07, 'Au': 5.4e-06}",parsed_crude_ore_multi
"('ecoinvent-3.4-biosphere', 'eda28c96-8899-4d84-bf18-35c3f1de518e')","Molybdenum, 0.11% in sulfide, Mo 4.1E-2% and Cu 0.36% in crude ore, in ground",multi_element_ore,multi,,1.1210613828398327e-16,"{'Mo': 0.00041, 'Cu': 0.0036}",parsed_crude_ore_multi
"('ecoinvent-3.4-biosphere', '45ed0c16-0e34-45f1-8bf9-3b1ce8489e73')","Silver, Ag 1.8E-6%, in mixed ore, in ground",multi_element_ore,multi,,2.8263529188675907e-21,{'Ag': 1.8e-08},parsed_crude_ore_multi
"('ecoinvent-3.4-biosphere', 'c3b2ba62-b158-47b1-8e1e-e76156e5292a')","Zinc, Zn 3.1%, in mixed ore, in ground",multi_element_ore,multi,,3.359338791170547e-15,{'Zn': 0.031},parsed_crude_ore_multi
"('ecoinvent-3.4-biosphere', '4f684798-3870-45a1-b5f2-aa3444c0b8d6')","Copper, Cu 6.8E-1%, in mixed ore, in ground",multi_element_ore,multi,,8.372454666678061e-17,{'Cu': 0.0068000000000000005},parsed_crude_ore_multi
"('ecoinvent-3.4-biosphere', '8508a83c-6a37-4159-93cc-21a2645390ab')","Cu, Cu 5.2E-2%, Pt 4.8E-4%, Pd 2.0E-4%, Rh 2.4E-5%, Ni 3.7E-2% in ore, in ground",multi_element_ore,multi,,3.9949409580727685e-17,"{'Cu': 0.00052, 'Pt': 4.8e-06, 'Pd': 2e-06, 'Rh': 2.4000000000000003e-07, 'Ni': 0.00037}",parsed_crude_ore_multi
"('ecoinvent-3.4-biosphere', 'ed8c57b5-6012-4f21-8b70-92a85923786a')","Silver, Ag 1.5E-4%, Au 6.8E-4%, in ore, in ground",multi_element_ore,multi,,2.3552940990563253e-19,"{'Ag': 1.4999999999999998e-06, 'Au': 6.8e-06}",parsed_crude_ore_multi
"('ecoinvent-3.4-biosphere', '2d65a3f7-2a10-4a10-ac9e-a0cc7cd57979')","Gold, Au 2.1E-4%, Ag 2.1E-4%, in ore, in ground",multi_element_ore,multi,,3.2974117386788564e-19,"{'Au': 2.1000000000000002e-06, 'Ag': 2.1000000000000002e-06}",parsed_crude_ore_multi
"('ecoinvent-3.4-biosphere', 'ed5ace5c-a203-4816-b33b-9fe0c5f0f519')","Copper, 1.13% in sulfide, Cu 0.76% and Ni 0.76% in crude ore, in ground",multi_element_ore,multi,,7.826468616581387e-16,"{'Cu': 0.0076, 'Ni': 0.0076}",parsed_crude_ore_multi
"('ecoinvent-3.4-biosphere', 'a9ad523f-b721-4f07-ad9f-584053f3454d')","Lithium, 0.15% in brine, in ground",Lithium,Li,7.0,2.27774017949366e-16,{'Li': 0.0015},parsed_in_mineral
"('ecoinvent-3.4-biosphere', '06874cbb-2daf-4981-a55e-2c38be5b7277')","Molybdenum, 0.010% in sulfide, Mo 8.2E-3% and Cu 1.83% in crude ore, in ground",multi_element_ore,multi,,2.3887380565709124e-16,"{'Mo': 8.2e-05, 'Cu': 0.0183}",parsed_crude_ore_multi
"('ecoinvent-3.4-biosphere', '14946240-b1ee-412c-b900-ed5728a4e684')","Silver, 3.2ppm in sulfide, Ag 1.2ppm, Cu and Te, in crude ore, in ground",multi_element_ore,multi,,1.8842352792450605e-19,{'Ag': 1.2e-06},parsed_crude_ore_multi
"('ecoinvent-3.4-biosphere', '4f5aad55-54d2-4628-a509-b28ef1929bb4')","Gold, Au 6.8E-4%, Ag 1.5E-4%, in ore, in ground",multi_element_ore,multi,,2.3552940990563253e-19,"{'Au': 6.8e-06, 'Ag': 1.4999999999999998e-06}",parsed_crude_ore_multi
"('ecoinvent-3.4-biosphere', '02e8658e-3c88-404c-865d-4d4934661ea6')","Cobalt, Co 5.0E-2%, in mixed ore, in ground",multi_element_ore,multi,,9.723747574226973e-16,{'Co': 0.0005},parsed_crude_ore_multi
"('ecoinvent-3.4-biosphere', 'd02343bd-b00d-4fb3-9bda-2e8183f3b012')","Silver, Ag 2.1E-4%, Au 2.1E-4%, in ore, in ground",multi_element_ore,multi,,3.2974117386788564e-19,"{'Ag': 2.1000000000000002e-06, 'Au': 2.1000000000000002e-06}",parsed_crude_ore_multi
"('ecoinvent-3.4-biosphere', '2ba5e39b-adb6-4767-a51d-90c1cf32fe98')","Uranium, in ground",Uranium,U,238.0289,2.9111115633007054e-14,{'U': 0.00318},valero_fallback
"('ecoinvent-3.4-biosphere', '5514ccd2-469f-4074-9905-529154e7f742')","Molybdenum, 0.014% in sulfide, Mo 8.2E-3% and Cu 0.81% in crude ore, in ground",multi_element_ore,multi,,1.1328698565692033e-16,"{'Mo': 8.2e-05, 'Cu': 0.008100000000000001}",parsed_crude_ore_multi
"('ecoinvent-3.4-biosphere', 'd0779a5e-6969-4144-954e-ceb81fb83f15')","Cobalt, in ground",Cobalt,Co,58.93319,3.695024078206249e-15,{'Co': 0.0019},valero_fallback
"('ecoinvent-3.4-biosphere', 'b569dc97-52fe-4e39-9627-183b1002c287')","Copper, 2.19% in sulfide, Cu 1.83% and Mo 8.2E-3% in crude ore, in ground",multi_element_ore,multi,,2.3887380565709124e-16,"{'Cu': 0.0183, 'Mo': 8.2e-05}",parsed_crude_ore_multi
"('ecoinvent-3.4-biosphere', '704399e3-cf6b-483d-84f5-466e91a9d17c')","Copper, Cu 0.2%, in mixed ore, in ground",multi_element_ore,multi,,2.462486666670018e-17,{'Cu': 0.002},parsed_crude_ore_multi
"('ecoinvent-3.4-biosphere', '30fed59d-d722-482f-be4f-f3d93bdd2527')","Molybdenum, 0.022% in sulfide, Mo 8.2E-3% and Cu 0.36% in crude ore, in ground",multi_element_ore,multi,,5.788103565684491e-17,"{'Mo': 8.2e-05, 'Cu': 0.0036}",parsed_crude_ore_multi
"('ecoinvent-3.4-biosphere', '5afa470c-ab8c-4ec3-8a18-5c0bed973571')","Copper, Cu 0.38%, in mixed ore, in ground",multi_element_ore,multi,,4.678724666673034e-17,{'Cu': 0.0038},parsed_crude_ore_multi
"('ecoinvent-3.4-biosphere', 'a64e65fe-3c33-44f1-bd2d-ab7fac07653f')","Phosphorus, 18% in apatite, 12% in crude ore, in ground",Phosphorus,P,30.973762,2.0368039504669003e-15,{'P': 0.12},parsed_crude_ore
"('ecoinvent-3.4-biosphere', '636a8446-9899-43a6-b4bf-213f25d69c88')","Pt, Pt 4.8E-4%, Pd 2.0E-4%, Rh 2.4E-5%, Ni 3.7E-2%, Cu 5.2E-2% in ore, in ground",multi_element_ore,multi,,3.9949409580727685e-17,"{'Pt': 4.8e-06, 'Pd': 2e-06, 'Rh': 2.4000000000000003e-07, 'Ni': 0.00037, 'Cu': 0.00052}",parsed_crude_ore_multi
"('ecoinvent-3.4-biosphere', 'ff741136-d6ee-444a-a15b-3b308e376db8')","Gold, Au 1.1E-4%, Ag 4.2E-3%, in ore, in ground",multi_element_ore,multi,,6.594823477357711e-18,"{'Au': 1.1e-06, 'Ag': 4.2e-05}",parsed_crude_ore_multi
"('ecoinvent-3.4-biosphere', 'bc153c00-6c93-412f-aadc-750f2fc6f9c7')","Silver, 0.01% in crude ore, in ground",Silver,Ag,107.868,1.5701960660375505e-17,{'Ag': 0.0001},parsed_crude_ore
"('ecoinvent-3.4-biosphere', 'ef6dd09f-bddc-49b4-a207-dbaec2f07bb5')","Chromium, 25.5% in chromite, 11.6% in crude ore, in ground",Chromium,Cr,51.996,3.62831911250983e-14,{'Cr': 0.11599999999999999},parsed_crude_ore
"('ecoinvent-3.4-biosphere', 'c15f6c4d-bf7a-4a7c-91c6-53aad6a630a8')","Silver, 0.007% in sulfide, Ag 0.004%, Pb, Zn, Cd, In, in ground",multi_element_ore,multi,,6.280784264150202e-18,{'Ag': 4e-05},parsed_crude_ore_multi
"('ecoinvent-3.4-biosphere', '4df0eac4-44bb-46b6-b588-e3513a1ead2f')","Lead, Pb 3.6E-1%, in mixed ore, in ground",multi_element_ore,multi,,4.267891694899601e-16,{'Pb': 0.0036},parsed_crude_ore_multi
"('ecoinvent-3.4-biosphere', 'd76320f7-6761-4864-92a6-660fa3453ffa')","Silver, Ag 4.2E-3%, Au 1.1E-4%, in ore, in ground",multi_element_ore,multi,,6.594823477357711e-18,"{'Ag': 4.2e-05, 'Au': 1.1e-06}",parsed_crude_ore_multi
"('ecoinvent-3.4-biosphere', '9f9f1f14-6eee-4067-b4a5-80e75fc7b295')","Manganese, 35.7% in sedimentary deposit, 14.2% in crude ore, in ground",Manganese,Mn,54.93804,9.208711405593519e-15,{'Mn': 0.142},parsed_crude_ore
"('ecoinvent-3.4-biosphere', '0d7f8b87-12f4-4e83-a5a2-854e2f2b47de')","Ni, Ni 2.3E+0%, Pt 2.5E-4%, Pd 7.3E-4%, Rh 2.0E-5%, Cu 3.2E+0% in ore, in ground",multi_element_ore,multi,,2.479348455018202e-15,"{'Ni': 0.023, 'Pt': 2.5e-06, 'Pd': 7.2999999999999996e-06, 'Rh': 2.0000000000000002e-07, 'Cu': 0.032}",parsed_crude_ore_multi
"('ecoinvent-3.4-biosphere', 'cfaa80f4-8e19-4fd6-942a-eaea14812896')","Silver, Ag 9.7E-4%, in mixed ore, in ground",multi_element_ore,multi,,1.5230901840564239e-18,{'Ag': 9.7e-06},parsed_crude_ore_multi
"('ecoinvent-3.4-biosphere', '8bc65fca-548d-4831-b102-391bbdd6bc8c')","Aluminium, 24% in bauxite, 11% in crude ore, in ground",Aluminium,Al,26.981538,7.064790343896179e-15,{'Al': 0.11},parsed_crude_ore
"('ecoinvent-3.4-biosphere', '19988f5b-a9a6-48f3-9e8e-150b66a1bf12')","Copper, 0.97% in sulfide, Cu 0.36% and Mo 4.1E-2% in crude ore, in ground",multi_element_ore,multi,,1.1210613828398327e-16,"{'Cu': 0.0036, 'Mo': 0.00041}",parsed_crude_ore_multi
"('ecoinvent-3.4-biosphere', '4b8ac2cb-3fa6-4047-a9ab-183d9e63ccac')","Pd, Pd 2.0E-4%, Pt 4.8E-4%, Rh 2.4E-5%, Ni 3.7E-2%, Cu 5.2E-2% in ore, in ground",multi_element_ore,multi,,3.9949409580727685e-17,"{'Pd': 2e-06, 'Pt': 4.8e-06, 'Rh': 2.4000000000000003e-07, 'Ni': 0.00037, 'Cu': 0.00052}",parsed_crude_ore_multi
"('ecoinvent-3.4-biosphere', '86c6e6cd-c2f5-4977-bad6-ce9cd48cf721')","Nickel, 1.13% in sulfide, Ni 0.76% and Cu 0.76% in crude ore, in ground",multi_element_ore,multi,,7.826468616581387e-16,"{'Ni': 0.0076, 'Cu': 0.0076}",parsed_crude_ore_multi
"('ecoinvent-3.4-biosphere', 'ee540366-b970-46af-94d8-4c253ded5577')","Kaolinite, 24% in crude ore, in ground",Kaolinite,Al2H4O9Si2,258.16,3.22205549301079e-15,"{'Al': 0.05016795785559342, 'H': 0.0037483731019522775, 'O': 0.13386210102262164, 'Si': 0.05222063836380539}",parsed_crude_ore
"('ecoinvent-3.4-biosphere', 'd6c7644f-0d7c-4bb3-b8bb-686ebede951e')","Gold, Au 5.4E-4%, Ag 1.5E-5%, in ore, in ground",multi_element_ore,multi,,2.3552940990563256e-20,"{'Au': 5.4e-06, 'Ag': 1.5e-07}",parsed_crude_ore_multi
"('ecoinvent-3.4-biosphere', '9a7380d1-6e23-48ad-b35a-14bd1ecb3133')","Phosphorus, 18% in apatite, 4% in crude ore, in ground",Phosphorus,P,30.973762,6.789346501556335e-16,{'P': 0.04},parsed_crude_ore
"('ecoinvent-3.4-biosphere', '7cd1d217-70a7-4452-abc4-3b1100763d6d')","Gold, Au 1.3E-4%, Ag 4.6E-5%, in ore, in ground",multi_element_ore,multi,,7.222901903772732e-20,"{'Au': 1.2999999999999998e-06, 'Ag': 4.6e-07}",parsed_crude_ore_multi
"('ecoinvent-3.4-biosphere', '31998285-fb5c-411d-b853-ce78be2a0b49')","Copper, 1.18% in sulfide, Cu 0.39% and Mo 8.2E-3% in crude ore, in ground",multi_element_ore,multi,,6.157476565684994e-17,"{'Cu': 0.0039000000000000003, 'Mo': 8.2e-05}",parsed_crude_ore_multi
"('ecoinvent-3.4-biosphere', '719def62-0941-4264-bc54-97093d847d7a')","Molybdenum, 0.025% in sulfide, Mo 8.2E-3% and Cu 0.39% in crude ore, in ground",multi_element_ore,multi,,6.157476565684994e-17,"{'Mo': 8.2e-05, 'Cu': 0.0039000000000000003}",parsed_crude_ore_multi
"('ecoinvent-3.4-biosphere', 'e47e4e5f-6528-413d-a8fb-1cd1875fbd73')","Nickel, 1.98% in silicates, 1.04% in crude ore, in ground",Nickel,Ni,58.693,9.429411356021909e-16,{'Ni': 0.0104},parsed_crude_ore
"('ecoinvent-3.4-biosphere', '3250f566-58bc-46d3-ab88-1d2e23ca3e1b')","Pt, Pt 2.5E-4%, Pd 7.3E-4%, Rh 2.0E-5%, Ni 2.3E+0%, Cu 3.2E+0% in ore, in ground",multi_element_ore,multi,,2.479348455018202e-15,"{'Pt': 2.5e-06, 'Pd': 7.2999999999999996e-06, 'Rh': 2.0000000000000002e-07, 'Ni': 0.023, 'Cu': 0.032}",parsed_crude_ore_multi
"('ecoinvent-3.4-biosphere', '781dda0c-ffeb-4664-9667-7506ce6269b9')","Silver, Ag 7.6E-5%, Au 9.7E-5%, in ore, in ground",multi_element_ore,multi,,1.1933490101885384e-19,"{'Ag': 7.6e-07, 'Au': 9.7e-07}",parsed_crude_ore_multi
"('ecoinvent-3.4-biosphere', '73b7f080-b7ae-417c-b740-b4c9eabfb35a')","Cu, Cu 3.2E+0%, Pt 2.5E-4%, Pd 7.3E-4%, Rh 2.0E-5%, Ni 2.3E+0% in ore, in ground",multi_element_ore,multi,,2.479348455018202e-15,"{'Cu': 0.032, 'Pt': 2.5e-06, 'Pd': 7.2999999999999996e-06, 'Rh': 2.0000000000000002e-07, 'Ni': 0.023}",parsed_crude_ore_multi
"('ecoinvent-3.4-biosphere', 'c7d38707-3b22-4fb1-b001-0c8cad496a60')","Gold, Au 9.7E-5%, Ag 7.6E-5%, in ore, in ground",multi_element_ore,multi,,1.1933490101885384e-19,"{'Au': 9.7e-07, 'Ag': 7.6e-07}",parsed_crude_ore_multi
"('ecoinvent-3.4-biosphere', '79df5650-160a-4ab7-a14f-cc8162877f4a')","Copper, 0.99% in sulfide, Cu 0.36% and Mo 8.2E-3% in crude ore, in ground",multi_element_ore,multi,,5.788103565684491e-17,"{'Cu': 0.0036, 'Mo': 8.2e-05}",parsed_crude_ore_multi
"('ecoinvent-3.4-biosphere', '535bbc83-033b-42fe-9a68-8dc9eb420385')","Pd, Pd 7.3E-4%, Pt 2.5E-4%, Rh 2.0E-5%, Ni 2.3E+0%, Cu 3.2E+0% in ore, in ground",multi_element_ore,multi,,2.479348455018202e-15,"{'Pd': 7.2999999999999996e-06, 'Pt': 2.5e-06, 'Rh': 2.0000000000000002e-07, 'Ni': 0.023, 'Cu': 0.032}",parsed_crude_ore_multi
"('ecoinvent-3.4-biosphere', 'f77aacc3-2c22-4bda-99ab-fe1110a1b891')","Iron, 46% in ore, 25% in crude ore, in ground",Iron,Fe,55.84,2.4113064559169056e-15,{'Fe': 0.25},parsed_crude_ore
"('ecoinvent-3.4-biosphere', 'ac8571b8-b00b-479d-93cf-b9374feaee05')","Molybdenum, 0.016% in sulfide, Mo 8.2E-3% and Cu 0.27% in crude ore, in ground",multi_element_ore,multi,,4.6799845656829836e-17,"{'Mo': 8.2e-05, 'Cu': 0.0027}",parsed_crude_ore_multi
"('ecoinvent-3.4-biosphere', 'f7360584-688a-4b6f-bc4a-db00a1e7b022')","Rh, Rh 2.4E-5%, Pt 4.8E-4%, Pd 2.0E-4%, Ni 3.7E-2%, Cu 5.2E-2% in ore, in ground",multi_element_ore,multi,,3.9949409580727685e-17,"{'Rh': 2.4000000000000003e-07, 'Pt': 4.8e-06, 'Pd': 2e-06, 'Ni': 0.00037, 'Cu': 0.00052}",parsed_crude_ore_multi
"('ecoinvent-3.4-biosphere', 'a76cf135-2be1-4e53-9423-9211acd100f1')","Molybdenum, 0.022% in sulfide, Mo 8.2E-3% and Cu 0.22% in crude ore, in ground",multi_element_ore,multi,,4.064362899015479e-17,"{'Mo': 8.2e-05, 'Cu': 0.0022}",parsed_crude_ore_multi
"('ecoinvent-3.4-biosphere', 'f8f1ba14-9934-4678-8a78-e2cf1fce7775')","Zinc, Zn 0.63%, in mixed ore, in ground",multi_element_ore,multi,,6.827043349798209e-16,{'Zn': 0.0063},parsed_crude_ore_multi
"('ecoinvent-3.4-biosphere', 'c8f18160-6937-4bb9-ad0c-dffa942ca41e')","Copper, 1.42% in sulfide, Cu 0.81% and Mo 8.2E-3% in crude ore, in ground",multi_element_ore,multi,,1.1328698565692033e-16,"{'Cu': 0.008100000000000001, 'Mo': 8.2e-05}",parsed_crude_ore_multi
"('ecoinvent-3.4-biosphere', 'eaa3e9d4-68d6-4267-a7a5-48b141c3861e')","Silver, Ag 5.4E-3%, in mixed ore, in ground",multi_element_ore,multi,,8.479058756602773e-18,{'Ag': 5.4000000000000005e-05},parsed_crude_ore_multi
"('ecoinvent-3.4-biosphere', 'f09c3144-a268-4bed-8ca2-63005b6ef75f')","Nickel, Ni 2.5E+0%, in mixed ore, in ground",multi_element_ore,multi,,2.2666854221206516e-15,{'Ni': 0.025},parsed_crude_ore_multi
"('ecoinvent-3.4-biosphere', '1b35070a-eb57-4f0f-a27f-5ba181ff0d4d')","Copper, 0.59% in sulfide, Cu 0.22% and Mo 8.2E-3% in crude ore, in ground",multi_element_ore,multi,,4.064362899015479e-17,"{'Cu': 0.0022, 'Mo': 8.2e-05}",parsed_crude_ore_multi
