flow_key,name,categories,unit,cleaned_name,molecular_formula,molecular_weight,CF1,composition,grade_source
"('ecoinvent-3.12-biosphere', '8ce3ff02-7a1e-48e3-881e-3248b944f28a')",Iron,"('natural resource', 'in ground')",kilogram,Iron,Fe,55.84,9.645225823667623e-15,{'Fe': 1.0},ecoinvent_elementary_flow
"('ecoinvent-3.12-biosphere', '81ff5c0b-c44f-534e-a55e-8fc017e33dd2')",Kaolinite,"('natural resource', 'in ground')",kilogram,Kaolinite,Al2H4O9Si2,258.16,1.3425231220878292e-14,"{'Al': 0.20903315773163927, 'H': 0.01561822125813449, 'O': 0.5577587542609235, 'Si': 0.21758599318252245}",stoichiometric
"('ecoinvent-3.12-biosphere', 'a9ac40a0-9bea-4c48-afa7-66aa6eb90624')",Copper,"('natural resource', 'in ground')",kilogram,Copper,Cu,63.55,1.231243333335009e-14,{'Cu': 1.0},ecoinvent_elementary_flow
"('ecoinvent-3.12-biosphere', 'd0779a5e-6969-4144-954e-ceb81fb83f15')",Cobalt,"('natural resource', 'in ground')",kilogram,Cobalt,Co,58.93319,1.9447495148453946e-12,{'Co': 1.0},ecoinvent_elementary_flow
"('ecoinvent-3.12-biosphere', '09a68c14-01f6-4dee-ba29-8b7f400b72b5')",Perlite,"('natural resource', 'in ground')",kilogram,Perlite,Al6H10K2Na2O76Si30,2354.6,4.415855379234614e-15,"{'Al': 0.06875562728276566, 'H': 0.004280981907755033, 'K': 0.0332098870296441, 'Na': 0.019527732948271467, 'O': 0.516403635437017, 'Si': 0.35784421982502335}",stoichiometric
"('ecoinvent-3.12-biosphere', '68a376fd-cb4a-4a2a-9651-c3b6e37f75e6')",Manganese II,"('natural resource', 'in water')",kilogram,Manganese,Mn,54.93804,6.485008032108113e-14,{'Mn': 1.0},ecoinvent_elementary_flow
"('ecoinvent-3.12-biosphere', '974213ef-1ba0-40e5-bc7b-52ef099e9e09')",Nickel,"('natural resource', 'in ground')",kilogram,Nickel,Ni,58.693,9.066741688482605e-14,{'Ni': 1.0},ecoinvent_elementary_flow
"('ecoinvent-3.12-biosphere', 'bea19217-6a28-4711-8142-2e71090c0b46')",Vermiculite,"('natural resource', 'in ground')",kilogram,Vermiculite,AlFeH3MgO6Si-3,234.24,9.69760280957005e-15,"{'Al': 0.11518954918032787, 'Fe': 0.2384093237704918, 'H': 0.01290983606557377, 'Mg': 0.10376109972677595, 'O': 0.4098104508196721, 'Si': 0.11990266393442622}",stoichiometric
"('ecoinvent-3.12-biosphere', '7d2c1cdd-a64a-5936-a577-5b82db0c0d1b')",Lithium,"('natural resource', 'in ground')",kilogram,Lithium,Li,7.0,1.5184934529957733e-13,{'Li': 1.0},ecoinvent_elementary_flow
"('ecoinvent-3.12-biosphere', '47262180-8308-5d4c-9332-c77617e032ef')",Antimony,"('natural resource', 'in ground')",kilogram,Antimony,Sb,121.76,2.1834077210692158e-11,{'Sb': 1.0},ecoinvent_elementary_flow
"('ecoinvent-3.12-biosphere', 'f7519ca9-5ffc-41c3-a33e-806da82cfc0e')","Clay, unspecified","('natural resource', 'in ground')",kilogram,Clay,Al2O5Si,162.05,2.1387582178228573e-14,"{'Al': 0.33300833076211045, 'O': 0.49364393705646403, 'Si': 0.17331687750694227}",stoichiometric
"('ecoinvent-3.12-biosphere', 'a45cd247-3532-4e27-bddc-b519fdb5e08f')",Aluminium,"('natural resource', 'in ground')",kilogram,Aluminium,Al,26.981538,6.422536676269254e-14,{'Al': 1.0},ecoinvent_elementary_flow
"('ecoinvent-3.12-biosphere', 'e5a3dff5-72dc-5287-893c-597dd4a19566')",Molybdenum,"('natural resource', 'in ground')",kilogram,Molybdenum,Mo,95.95,1.6532043483883647e-13,{'Mo': 1.0},ecoinvent_elementary_flow
"('ecoinvent-3.12-biosphere', '5324b57a-96f1-4dc3-9dc5-544881960f4f')",Spodumene,"('natural resource', 'in ground')",kilogram,Spodumene,AlLiO6Si2,186.1,1.4975363523456938e-14,"{'Al': 0.1449865663621709, 'Li': 0.037297152068780225, 'O': 0.5158194519075766, 'Si': 0.30183772165502415}",stoichiometric
"('ecoinvent-3.12-biosphere', 'e189e2d4-3d3f-4ada-b302-91611784311f')",Chromium,"('natural resource', 'in ground')",kilogram,Chromium,Cr,51.996,3.1278613038877847e-13,{'Cr': 1.0},ecoinvent_elementary_flow
"('ecoinvent-3.12-biosphere', '26296ec9-ff93-41e6-bbbf-6175af04284d')",Feldspar,"('natural resource', 'in ground')",kilogram,Feldspar,AlKO8Si3,278.33,6.226166227108002e-15,"{'Al': 0.09694247835303417, 'K': 0.14047353860525277, 'O': 0.45985700427550036, 'Si': 0.3027269787662128}",stoichiometric
"('ecoinvent-3.12-biosphere', 'c2586875-bb56-4b1e-84c5-5ff255a1108b')",Manganese,"('natural resource', 'in ground')",kilogram,Manganese,Mn,54.93804,6.485008032108113e-14,{'Mn': 1.0},ecoinvent_elementary_flow
"('ecoinvent-3.12-biosphere', '53d5ef26-66d8-4536-afa2-2f6b114189ba')",Tin,"('natural resource', 'in ground')",kilogram,Tin,Sn,118.71,1.3268575464212294e-13,{'Sn': 1.0},ecoinvent_elementary_flow
"('ecoinvent-3.12-biosphere', '361a64cb-ab76-4a72-9ea1-c07d6a20c124')",Silver,"('natural resource', 'in ground')",kilogram,Silver,Ag,107.868,1.5701960660375504e-13,{'Ag': 1.0},ecoinvent_elementary_flow
"('ecoinvent-3.12-biosphere', '93806a54-46f5-409c-99c5-4144a1e73b5d')","Clay, bentonite","('natural resource', 'in ground')",kilogram,Clay,Al2O5Si,162.05,2.1387582178228573e-14,"{'Al': 0.33300833076211045, 'O': 0.49364393705646403, 'Si': 0.17331687750694227}",stoichiometric
"('ecoinvent-3.12-biosphere', '2ba5e39b-adb6-4767-a51d-90c1cf32fe98')",Uranium,"('natural resource', 'in ground')",kilogram,Uranium,U,238.0289,9.154438878304105e-12,{'U': 1.0},ecoinvent_elementary_flow
"('ecoinvent-3.12-biosphere', '483ae3c5-4eb0-46e4-b811-a72ad391716b')",Phosphorus,"('natural resource', 'in ground')",kilogram,Phosphorus,P,30.973762,1.6973366253890836e-14,{'P': 1.0},ecoinvent_elementary_flow
"('ecoinvent-3.12-biosphere', 'd7cadc9a-f42c-4711-a8e2-0b626c0a4c7a')",Olivine,"('natural resource', 'in ground')",kilogram,Olivine,Fe2Mg8O20Si5,766.55,1.4053555178989457e-15,"{'Fe': 0.1457047811623508, 'Mg': 0.2536559911290849, 'O': 0.4174287391559586, 'Si': 0.18319744308916577}",stoichiometric
"('ecoinvent-3.12-biosphere', '8de8befc-efa2-5d07-a58b-b29ea97a3f41')",Niobium,"('natural resource', 'in ground')",kilogram,Niobium,Nb,92.90637,1.6298072211886446e-11,{'Nb': 1.0},ecoinvent_elementary_flow
"('ecoinvent-3.12-biosphere', 'be73218b-18af-492e-96e6-addd309d1e32')",Zinc,"('natural resource', 'in ground')",kilogram,Zinc,Zn,65.4,1.0836576745711442e-13,{'Zn': 1.0},ecoinvent_elementary_flow
"('ecoinvent-3.12-biosphere', '3e0034cd-21d6-4582-9fbf-09c26edd05df')",Stibnite,"('natural resource', 'in ground')",kilogram,Stibnite,S3Sb2,339.7,1.565214743110908e-11,"{'S': 0.28317633205769793, 'Sb': 0.7168678245510746}",stoichiometric
"('ecoinvent-3.12-biosphere', 'fbcb9c7a-eea7-4694-ba6c-568e01d28883')",Lead,"('natural resource', 'in ground')",kilogram,Lead,Pb,207.0,1.1855254708054448e-13,{'Pb': 1.0},ecoinvent_elementary_flow
"('ecoinvent-3.12-biosphere', 'c73e75dc-c02d-4192-ab43-faf29c119fae')",Pyrite,"('natural resource', 'in ground')",kilogram,Pyrite,FeS2,119.98,4.48939520022269e-15,"{'Fe': 0.4654525754292382, 'S': 0.5345057509584931}",stoichiometric
