Flow_Name,Flow_Key,Metal,Delta_g_Total,Delta_g_Metal,Metal_Fraction,CF_Metal,CF_Total,grade_source,Mineral,f_mineral_me,Delta_g_Mineral,Mineral_Fraction,CF_Mineral,xi_Mineral,xf_Mineral,xr_Mineral,ERC,CF2
Iron,"('ecoinvent-3.12-biosphere', '8ce3ff02-7a1e-48e3-881e-3248b944f28a')",Fe,8.82639075238679e-06,8.82639075238679e-06,1.0,9.645225823667623e-15,9.645225823667623e-15,ecoinvent_elementary_flow,Hematite,1.0,8.82639075238679e-06,1.0,9.645225823667623e-15,0.73,0.7299911736092476,0.95,2.570659174736175e-05,2.570659174736175e-05
Chromium,"('ecoinvent-3.12-biosphere', 'e189e2d4-3d3f-4ada-b302-91611784311f')",Cr,1.834342968446503e-06,1.834342968446503e-06,1.0,3.1278613038877847e-13,3.1278613038877847e-13,ecoinvent_elementary_flow,Chromite,2.152027027027027,3.9475556449338595e-06,2.152027027027027,6.73124206275851e-13,0.637,0.6369960524443551,0.81,1.8419048080063434e-06,1.8419048080063434e-06
Nickel,"('ecoinvent-3.12-biosphere', '974213ef-1ba0-40e5-bc7b-52ef099e9e09')",Ni,8.358083739100049e-07,8.358083739100049e-07,1.0,9.066741688482605e-14,9.066741688482605e-14,ecoinvent_elementary_flow,Pentlandite(sulphides) / Garnierite(laterites),2.9342028985507245,2.452431353359704e-06,2.9342028985507245,2.660365974275635e-13,0.0442,0.04419754756864664,0.0803628113054402,0.0001582685398967322,0.0001582685398967322
Molybdenum,"('ecoinvent-3.12-biosphere', 'e5a3dff5-72dc-5287-893c-597dd4a19566')",Mo,-8.353908098854433e-07,-8.353908098854433e-07,1.0,1.6532043483883647e-13,1.6532043483883647e-13,ecoinvent_elementary_flow,Molybdenite,1.6700000000000004,-1.3951026525086906e-06,1.6700000000000004,2.7608512618085697e-13,0.000501,0.0005023951026525088,0.9176761103880936,-0.04558964500749398,-0.04558964500749398
Aluminium,"('ecoinvent-3.12-biosphere', 'a45cd247-3532-4e27-bddc-b519fdb5e08f')",Al,7.312267762698987e-07,7.312267762698987e-07,1.0,6.422536676269254e-14,6.422536676269254e-14,ecoinvent_elementary_flow,Bauxite (Gibbsite),2.8930041152263373,2.115442072912505e-06,2.8930041152263373,1.8580425034639034e-13,0.703,0.702997884557927,0.95,0.00024148635451647492,0.00024148635451647492
Manganese,"('ecoinvent-3.12-biosphere', 'c2586875-bb56-4b1e-84c5-5ff255a1108b')",Mn,6.842937033614674e-07,6.842937033614674e-07,1.0,6.485008032108113e-14,6.485008032108113e-14,ecoinvent_elementary_flow,Pyrolusite,1.5822784810126582,1.0827432015213091e-06,1.5822784810126582,1.0261088658398912e-13,0.5,0.49999891725679846,0.6709603911825677,1.1003847822305496e-06,1.1003847822305496e-06
Copper,"('ecoinvent-3.12-biosphere', 'a9ac40a0-9bea-4c48-afa7-66aa6eb90624')",Cu,5.632712434485558e-07,5.632712434485558e-07,1.0,1.231243333335009e-14,1.231243333335009e-14,ecoinvent_elementary_flow,Chalcopyrite,2.8793103448275863,1.6218327182053244e-06,2.8793103448275863,3.545131666671491e-14,0.0167,0.016698378167281796,0.8086409056778144,0.0007719173067270798,0.0007719173067270798
Zinc,"('ecoinvent-3.12-biosphere', 'be73218b-18af-492e-96e6-addd309d1e32')",Zn,1.2733279431550642e-07,1.2733279431550642e-07,1.0,1.0836576745711442e-13,1.0836576745711442e-13,ecoinvent_elementary_flow,Sphalerite,1.4901477832512315,1.8974468118443691e-07,1.4901477832512315,1.614810081565375e-13,0.0605,0.060499810255318816,0.789865871833085,1.5473584891574745e-06,1.5473584891574745e-06
Cobalt,"('ecoinvent-3.12-biosphere', 'd0779a5e-6969-4144-954e-ceb81fb83f15')",Co,3.719748999876598e-08,3.719748999876598e-08,1.0,1.9447495148453946e-12,1.9447495148453946e-12,ecoinvent_elementary_flow,Linnaeite,1.727272727272727,6.425020999786851e-08,1.727272727272727,3.3591127983693174e-12,0.0019,0.0018999357497900022,0.0455986939380875,9.730849785657824e-05,9.730849785657824e-05
Lead,"('ecoinvent-3.12-biosphere', 'fbcb9c7a-eea7-4694-ba6c-568e01d28883')",Pb,3.481561149609375e-08,3.481561149609375e-08,1.0,1.1855254708054448e-13,1.1855254708054448e-13,ecoinvent_elementary_flow,Galena,1.1560975609756097,4.0250243534508377e-08,1.1560975609756097,1.370583105272636e-13,0.0237,0.023699959749756465,0.635111259945265,4.1491412842611553e-07,4.1491412842611553e-07
Uranium,"('ecoinvent-3.12-biosphere', '2ba5e39b-adb6-4767-a51d-90c1cf32fe98')",U,3.327409056666152e-08,3.327409056666152e-08,1.0,9.154438878304105e-12,9.154438878304105e-12,ecoinvent_elementary_flow,Uraninite,0.954954954954955,3.177525765825334e-08,0.954954954954955,8.742076766668785e-12,0.00318,0.003179968224742342,0.75,0.0003152852145204266,0.0003152852145204266
Tin,"('ecoinvent-3.12-biosphere', '53d5ef26-66d8-4536-afa2-2f6b114189ba')",Sn,1.0121576615441067e-08,1.0121576615441067e-08,1.0,1.3268575464212294e-13,1.3268575464212294e-13,ecoinvent_elementary_flow,Cassiterite,1.26875,1.2841750330840853e-08,1.26875,1.6834505120219348e-13,0.00609,0.006089987158249669,0.8632947389802966,5.717026858970267e-06,5.717026858970267e-06
Phosphorus,"('ecoinvent-3.12-biosphere', '483ae3c5-4eb0-46e4-b811-a72ad391716b')",P,8.390244626775366e-09,8.390244626775366e-09,1.0,1.6973366253890836e-14,1.6973366253890836e-14,ecoinvent_elementary_flow,Apatite,0.3532544378698225,2.963891149221831e-09,0.3532544378698225,5.995916954776823e-15,0.0059700000000000005,0.0059699970361088515,0.9,2.482212569558584e-08,2.482212569558584e-08
Silver,"('ecoinvent-3.12-biosphere', '361a64cb-ab76-4a72-9ea1-c07d6a20c124')",Ag,4.537847106204588e-09,4.537847106204588e-09,1.0,1.5701960660375504e-13,1.5701960660375504e-13,ecoinvent_elementary_flow,Argentite,1.1478494623655913,5.208765361154191e-09,1.1478494623655913,1.8023487102097688e-13,4.27e-06,4.264791234638845e-06,0.9,0.12035257648834903,0.12035257648834903
Antimony,"('ecoinvent-3.12-biosphere', '47262180-8308-5d4c-9332-c77617e032ef')",Sb,1.5600313297946598e-09,1.5600313297946598e-09,1.0,2.1834077210692158e-11,2.1834077210692158e-11,ecoinvent_elementary_flow,Stibnite,1.3941798941798942,2.1749643142904383e-09,1.3941798941798942,3.0440631455118433e-11,0.052700000000000004,0.05269999782503569,0.9,1.6696275025745697e-08,1.6696275025745697e-08
Niobium,"('ecoinvent-3.12-biosphere', '8de8befc-efa2-5d07-a58b-b29ea97a3f41')",Nb,-1.0820224102933162e-10,-1.0820224102933162e-10,1.0,1.6298072211886446e-11,1.6298072211886446e-11,ecoinvent_elementary_flow,Ferrocolumbite,1.8181818181818183,-1.9673134732605752e-10,1.8181818181818183,2.963285856706627e-11,0.02,0.020000000196731347,0.6,-3.4695599846289045e-07,-3.4695599846289045e-07
Lithium,"('ecoinvent-3.12-biosphere', '7d2c1cdd-a64a-5936-a577-5b82db0c0d1b')",Li,-4.845510944476568e-11,-4.845510944476568e-11,1.0,1.5184934529957733e-13,1.5184934529957733e-13,ecoinvent_elementary_flow,Spodumene,26.800000000000004,-1.2985969331197204e-09,26.800000000000004,4.069562454028673e-12,0.804,0.804000001298597,0.95,-1.0067869672789667e-07,-1.0067869672789667e-07
