Flow_Key,Flow_Name,Metals,CF2_contributions,Total_CF2
"('ecoinvent-3.4-biosphere', '009a49e8-09a7-4432-9cb9-f2dd18e8f922')",Manganese,"['Mn', 'Mn', 'Mn', 'Mn', 'Mn', 'Mn', 'Mn', 'Mn', 'Mn', 'Mn', 'Mn', 'Mn']","[7.544468322121827e-06, 7.644118947449518e-08, 7.345856663954784e-09, 9.41758290562973e-10, 7.68307369734586e-10, 2.561364318165739e-10, 1.662371989660057e-10, 1.452842890936666e-10, 7.771023802961454e-11, 7.152312384651102e-11, 1.9265454674917236e-11, 3.4670668876117727e-12]",7.630705057723888e-06
"('ecoinvent-3.4-biosphere', '01056d4b-f9b0-4dfc-b8d9-8407c8376efb')",Aluminium,"['Al', 'Al', 'Al', 'Al', 'Al', 'Al', 'Al', 'Al', 'Al', 'Al', 'Al', 'Al']","[0.011590069725117346, 0.0002892720902397664, 1.6633506233844874e-05, 4.518590688469237e-06, 2.729972908598881e-06, 1.407404954512606e-06, 9.151723171562602e-07, 9.05289587078006e-07, 2.297598096483282e-07, 1.6988168283719987e-07, 4.796143817381787e-09, 3.135684252306715e-09]",0.011906859325367327
"('ecoinvent-3.4-biosphere', '01285299-c683-4e15-b654-201987a7a738')",Chromium VI,"['Cr', 'Cr', 'Cr', 'Cr', 'Cr', 'Cr', 'Cr', 'Cr', 'Cr']","[2.8968305404181203e-07, 2.7753125954393126e-08, 1.1769944027995999e-09, 8.267696896741501e-10, 1.0963202416161515e-10, 1.1267916989555344e-11, 1.0441673716193909e-11, 8.885137784530035e-12, 4.6900606915487147e-14]",3.195802177419377e-07
"('ecoinvent-3.4-biosphere', '03b279a7-4626-4703-a451-d0650599dbd9')",Chromium VI,"['Cr', 'Cr', 'Cr', 'Cr', 'Cr', 'Cr', 'Cr', 'Cr', 'Cr']","[2.8968305404181203e-07, 2.7753125954393126e-08, 1.1769944027995999e-09, 8.267696896741501e-10, 1.0963202416161515e-10, 1.1267916989555344e-11, 1.0441673716193909e-11, 8.885137784530035e-12, 4.6900606915487147e-14]",3.195802177419377e-07
"('ecoinvent-3.4-biosphere', '0545c382-2312-43b6-9ec3-63dbb1438565')",Nickel,"['Ni', 'Ni', 'Ni', 'Ni', 'Ni', 'Ni', 'Ni', 'Ni']","[1.739439548943098e-06, 1.331110556652414e-07, 9.177247268312932e-09, 4.162385215934506e-09, 1.0756192210881725e-09, 7.166892429517964e-10, 1.7074232994914234e-10, 0.0]",1.887853287886576e-06
"('ecoinvent-3.4-biosphere', '0822b867-9dca-4d5a-93c3-319d39b592cd')",Chlorpyrifos,"['P', 'P']","[1.998647456600543e-15, 4.252441397022444e-16]",2.4238915963027874e-15
"('ecoinvent-3.4-biosphere', '09cf7c11-0269-4fc1-a5f3-47121a7882d3')","Lithium, ion","['Li', 'Li']","[0.05049397106123491, 2.743533433378834e-08]",0.05049399849656924
"('ecoinvent-3.4-biosphere', '0a5e8a67-f9ae-48b3-bfa7-e9d37c30a191')",Copper,"['Cu', 'Cu', 'Cu', 'Cu', 'Cu', 'Cu', 'Cu', 'Cu']","[7.455359213936176e-07, 2.2529905318182514e-07, 2.9215393428321582e-08, 1.879239637232533e-08, 1.3453985352244406e-08, 3.223207972725828e-09, 1.8003823172714793e-10, 0.0]",1.035699995932787e-06
"('ecoinvent-3.4-biosphere', '0ace7678-a181-48e8-8728-d912a8b56c57')",Aluminium,"['Al', 'Al', 'Al', 'Al', 'Al', 'Al', 'Al', 'Al', 'Al', 'Al', 'Al', 'Al']","[0.011590069725117346, 0.0002892720902397664, 1.6633506233844874e-05, 4.518590688469237e-06, 2.729972908598881e-06, 1.407404954512606e-06, 9.151723171562602e-07, 9.05289587078006e-07, 2.297598096483282e-07, 1.6988168283719987e-07, 4.796143817381787e-09, 3.135684252306715e-09]",0.011906859325367327
"('ecoinvent-3.4-biosphere', '0af26a55-d357-469f-abad-8ced785cb4fb')",Manganese,"['Mn', 'Mn', 'Mn', 'Mn', 'Mn', 'Mn', 'Mn', 'Mn', 'Mn', 'Mn', 'Mn', 'Mn']","[7.544468322121827e-06, 7.644118947449518e-08, 7.345856663954784e-09, 9.41758290562973e-10, 7.68307369734586e-10, 2.561364318165739e-10, 1.662371989660057e-10, 1.452842890936666e-10, 7.771023802961454e-11, 7.152312384651102e-11, 1.9265454674917236e-11, 3.4670668876117727e-12]",7.630705057723888e-06
"('ecoinvent-3.4-biosphere', '0ba582f8-3360-441a-a93c-ea15e87f7b0c')",Ethephon,"['P', 'P', 'P', 'P']","[6.378662095533664e-16, 0.0, 0.0, 0.0]",6.378662095533664e-16
"('ecoinvent-3.4-biosphere', '0ed1b1a1-e56d-4860-bac7-d76a39bde930')",Silver,"['Ag', 'Ag', 'Ag', 'Ag', 'Ag', 'Ag']","[8.158053664904727e-07, 6.464874619091479e-09, 5.737038128757659e-09, 4.2316947779648454e-09, 3.2632329390021228e-09, 0.0]",8.355022069552889e-07
"('ecoinvent-3.4-biosphere', '0ff15165-d761-48c9-9814-2d1dcdd56857')",Lead,"['Pb', 'Pb', 'Pb', 'Pb', 'Pb', 'Pb', 'Pb', 'Pb', 'Pb', 'Pb', 'Pb', 'Pb', 'Pb']","[1.4276393226772637e-07, 7.516100124864669e-08, 2.2630048409204512e-09, 1.4617394309898315e-09, 1.3873639744815493e-09, 9.627925351041166e-10, 5.469374745000741e-10, 2.283752984708969e-10, 1.450373339972473e-10, 1.1343872970780595e-10, 3.4759330354305877e-11, 1.3759863416496502e-11, 0.0]",2.2508214232831586e-07
"('ecoinvent-3.4-biosphere', '10cbd2f7-c41b-4bb4-b636-d8fc15cf0282')",Manganese,"['Mn', 'Mn', 'Mn', 'Mn', 'Mn', 'Mn', 'Mn', 'Mn', 'Mn', 'Mn', 'Mn', 'Mn']","[7.544468322121827e-06, 7.644118947449518e-08, 7.345856663954784e-09, 9.41758290562973e-10, 7.68307369734586e-10, 2.561364318165739e-10, 1.662371989660057e-10, 1.452842890936666e-10, 7.771023802961454e-11, 7.152312384651102e-11, 1.9265454674917236e-11, 3.4670668876117727e-12]",7.630705057723888e-06
"('ecoinvent-3.4-biosphere', '12051b95-831a-49c0-9a70-fbc0e8fb9af9')",Cobalt,"['Co', 'Co', 'Co', 'Co', 'Co', 'Co', 'Co', 'Co', 'Co', 'Co', 'Co', 'Co']","[0.006183580031733296, 2.181090723851185e-05, 1.4021903112423571e-05, 1.3046729752604036e-06, 8.292743500533589e-07, 1.5887946862953625e-07, 1.544320449975484e-07, 2.6945789265606805e-08, 2.659939057609553e-08, 1.4158763014319011e-08, 1.9765351633427608e-09, 8.244198128491982e-10]",0.006221930605821004
"('ecoinvent-3.4-biosphere', '16316600-f12a-410b-8726-3faee64de60a')",Silver,"['Ag', 'Ag', 'Ag', 'Ag', 'Ag', 'Ag']","[8.158053664904727e-07, 6.464874619091479e-09, 5.737038128757659e-09, 4.2316947779648454e-09, 3.2632329390021228e-09, 0.0]",8.355022069552889e-07
"('ecoinvent-3.4-biosphere', '163926e2-b4cc-42bb-ba7d-401028140985')",Molybdenum,"['Mo', 'Mo', 'Mo', 'Mo', 'Mo', 'Mo', 'Mo', 'Mo', 'Mo', 'Mo', 'Mo']","[0.0018408823506656682, 0.0008201659186594493, 4.2275513613533585e-05, 9.468779230479777e-06, 4.6928203656647695e-06, 6.100019112353675e-07, 4.456254977445468e-07, 2.0730948967001637e-07, 1.6982846287090665e-08, 8.030977391469239e-09, 7.555423727323264e-09]",0.002718780888680851
"('ecoinvent-3.4-biosphere', '168c970b-91c9-4427-a3a0-6686ad6cc2c4')",Tin,"['Sn', 'Sn', 'Sn', 'Sn', 'Sn']","[7.762840641987719e-08, 2.8062916589896724e-08, 1.2171718454475737e-09, 6.865384176641438e-10, 7.610135346169052e-11]",1.0767113462634731e-07
"('ecoinvent-3.4-biosphere', '1727b41d-377e-43cd-bc01-9eaba946eccb')",Phosphate,"['P', 'P', 'P', 'P', 'P']","[6.890379623909851e-07, 9.551994636804205e-08, 4.017153814213599e-11, 5.599869978022432e-12, 0.0]",7.846036801671472e-07
"('ecoinvent-3.4-biosphere', '17955b10-4c04-4fff-91e7-cf89ef1a7cca')",Glyphosate,"['P', 'P', 'P', 'P', 'P']","[5.700185070576003e-12, 1.1388038061223608e-13, 6.527497544428636e-14, 0.0, 0.0]",5.8793404266325255e-12
"('ecoinvent-3.4-biosphere', '183f9856-03ab-464d-9366-8ef62077b510')",Antimony,"['Sb', 'Sb', 'Sb', 'Sb', 'Sb', 'Sb', 'Sb', 'Sb', 'Sb', 'Sb']","[1.7350017581247708e-05, 5.384088389877791e-06, 2.0977857681716064e-06, 4.6489750761189506e-07, 3.091190759124856e-07, 4.540691344178289e-09, 4.006907602059052e-09, 1.0324450349768164e-09, 2.407092576855955e-10, 2.1439127009195476e-12]",2.561573121997309e-05
"('ecoinvent-3.4-biosphere', '198ce8e3-f05a-4bec-9f7f-325347453326')",Phosphorus,"['P', 'P', 'P', 'P', 'P', 'P', 'P', 'P', 'P', 'P']","[3.317206212804226e-11, 1.5073076202205168e-11, 1.0460920787635983e-11, 8.009430846753942e-12, 1.20952190655227e-12, 7.818113508413968e-13, 2.1457819289366382e-13, 8.262493634413301e-14, 8.245483868825215e-14, 3.784672843349951e-15]",6.909026586280043e-11
"('ecoinvent-3.4-biosphere', '19b6e569-85a4-4ea9-a590-d61a21e3c846')",Tin,"['Sn', 'Sn', 'Sn', 'Sn', 'Sn']","[7.762840641987719e-08, 2.8062916589896724e-08, 1.2171718454475737e-09, 6.865384176641438e-10, 7.610135346169052e-11]",1.0767113462634731e-07
"('ecoinvent-3.4-biosphere', '1ad3b0dc-fce4-416b-9851-f29d12cce55a')",Dichromate,"['Cr', 'Cr']","[1.5656373026672478e-12, 1.5784665413735273e-14]",1.581421968080983e-12
"('ecoinvent-3.4-biosphere', '1c87de06-e58f-4684-a54c-d29f1a251a87')","Chromium, ion","['Cr', 'Cr', 'Cr', 'Cr']","[3.7142818893722613e-10, 5.417888254332425e-11, 2.564799906261022e-11, 1.0120321437469016e-11]",4.6137539198062964e-10
"('ecoinvent-3.4-biosphere', '1e904267-caa3-40e6-a3a0-fc104489770b')",Cobalt,"['Co', 'Co', 'Co', 'Co', 'Co', 'Co', 'Co', 'Co', 'Co', 'Co', 'Co', 'Co']","[0.006183580031733296, 2.181090723851185e-05, 1.4021903112423571e-05, 1.3046729752604036e-06, 8.292743500533589e-07, 1.5887946862953625e-07, 1.544320449975484e-07, 2.6945789265606805e-08, 2.659939057609553e-08, 1.4158763014319011e-08, 1.9765351633427608e-09, 8.244198128491982e-10]",0.006221930605821004
"('ecoinvent-3.4-biosphere', '1f3c2297-d652-468d-82e8-4fd59bf5b5b8')",Molybdenum,"['Mo', 'Mo', 'Mo', 'Mo', 'Mo', 'Mo', 'Mo', 'Mo', 'Mo', 'Mo', 'Mo']","[0.0018408823506656682, 0.0008201659186594493, 4.2275513613533585e-05, 9.468779230479777e-06, 4.6928203656647695e-06, 6.100019112353675e-07, 4.456254977445468e-07, 2.0730948967001637e-07, 1.6982846287090665e-08, 8.030977391469239e-09, 7.555423727323264e-09]",0.002718780888680851
"('ecoinvent-3.4-biosphere', '2195d86f-e4c8-4e86-9f18-b5b065b1df7e')","Zinc, ion","['Zn', 'Zn', 'Zn', 'Zn', 'Zn']","[1.3789901159394141e-05, 4.963859993587741e-08, 1.1581709781567576e-08, 6.881042023626401e-09, 2.381397146612886e-09]",1.3860383908281826e-05
"('ecoinvent-3.4-biosphere', '21c257b2-57ce-4a6e-b4bd-40f0f75f310f')","Silver, ion","['Ag', 'Ag', 'Ag', 'Ag', 'Ag']","[0.0004024307839760653, 0.00017793113936312853, 2.658902655148094e-05, 3.9578510269523656e-06, 1.3291195006713617e-07]",0.0006110417128676941
"('ecoinvent-3.4-biosphere', '237ca6bc-2f0a-4416-a0e3-bd512f038f2e')",Copper,"['Cu', 'Cu', 'Cu', 'Cu', 'Cu', 'Cu', 'Cu', 'Cu']","[7.455359213936176e-07, 2.2529905318182514e-07, 2.9215393428321582e-08, 1.879239637232533e-08, 1.3453985352244406e-08, 3.223207972725828e-09, 1.8003823172714793e-10, 0.0]",1.035699995932787e-06
"('ecoinvent-3.4-biosphere', '23cb10a4-6228-4ce4-9fb5-7043bc31faec')","Nickel, ion","['Ni', 'Ni', 'Ni', 'Ni', 'Ni']","[0.00032930248650120424, 1.2376858782241627e-06, 6.261080022819181e-08, 3.55183351925603e-08, 4.5074327134032834e-10]",0.0003306387522581205
"('ecoinvent-3.4-biosphere', '2460f868-54a9-404c-bec8-c809a44ae72c')",Manganese,"['Mn', 'Mn', 'Mn', 'Mn', 'Mn', 'Mn', 'Mn', 'Mn', 'Mn', 'Mn', 'Mn', 'Mn']","[7.544468322121827e-06, 7.644118947449518e-08, 7.345856663954784e-09, 9.41758290562973e-10, 7.68307369734586e-10, 2.561364318165739e-10, 1.662371989660057e-10, 1.452842890936666e-10, 7.771023802961454e-11, 7.152312384651102e-11, 1.9265454674917236e-11, 3.4670668876117727e-12]",7.630705057723888e-06
"('ecoinvent-3.4-biosphere', '2718482b-8399-442e-b89a-52fbcc22d2e6')",Lead,"['Pb', 'Pb', 'Pb', 'Pb', 'Pb', 'Pb', 'Pb', 'Pb', 'Pb', 'Pb', 'Pb', 'Pb', 'Pb']","[1.4276393226772637e-07, 7.516100124864669e-08, 2.2630048409204512e-09, 1.4617394309898315e-09, 1.3873639744815493e-09, 9.627925351041166e-10, 5.469374745000741e-10, 2.283752984708969e-10, 1.450373339972473e-10, 1.1343872970780595e-10, 3.4759330354305877e-11, 1.3759863416496502e-11, 0.0]",2.2508214232831586e-07
"('ecoinvent-3.4-biosphere', '295060ba-3c3d-45e4-99ca-e17b1204b553')",Manganese,"['Mn', 'Mn', 'Mn', 'Mn', 'Mn', 'Mn', 'Mn', 'Mn', 'Mn', 'Mn', 'Mn', 'Mn']","[7.544468322121827e-06, 7.644118947449518e-08, 7.345856663954784e-09, 9.41758290562973e-10, 7.68307369734586e-10, 2.561364318165739e-10, 1.662371989660057e-10, 1.452842890936666e-10, 7.771023802961454e-11, 7.152312384651102e-11, 1.9265454674917236e-11, 3.4670668876117727e-12]",7.630705057723888e-06
"('ecoinvent-3.4-biosphere', '2a5ed451-12a2-47db-b4dc-fa0bfbc01d79')",Chromium,"['Cr', 'Cr', 'Cr', 'Cr', 'Cr', 'Cr', 'Cr']","[8.731665085889396e-09, 1.0182293038216205e-10, 1.0064855127619413e-10, 5.208076466665703e-11, 2.4004882562108606e-11, 4.068296003966836e-12, 0.0]",9.014290510780483e-09
"('ecoinvent-3.4-biosphere', '2a7b68ff-f12a-44c6-8b31-71ec91d29889')",Tin,"['Sn', 'Sn', 'Sn', 'Sn', 'Sn']","[7.762840641987719e-08, 2.8062916589896724e-08, 1.2171718454475737e-09, 6.865384176641438e-10, 7.610135346169052e-11]",1.0767113462634731e-07
"('ecoinvent-3.4-biosphere', '2a992e5e-9f16-47b8-8bcb-733d00bed658')","Tin, ion","['Sn', 'Sn', 'Sn', 'Sn']","[3.975939701484115e-06, 2.2631282698047247e-08, 4.9318602590647365e-09, 4.837261737807465e-09]",4.008340106179035e-06
"('ecoinvent-3.4-biosphere', '2b2369a4-26bb-4b18-8479-752fdf7a5e7f')",Antimony,"['Sb', 'Sb', 'Sb', 'Sb', 'Sb', 'Sb', 'Sb', 'Sb', 'Sb', 'Sb']","[1.7350017581247708e-05, 5.384088389877791e-06, 2.0977857681716064e-06, 4.6489750761189506e-07, 3.091190759124856e-07, 4.540691344178289e-09, 4.006907602059052e-09, 1.0324450349768164e-09, 2.407092576855955e-10, 2.1439127009195476e-12]",2.561573121997309e-05
"('ecoinvent-3.4-biosphere', '2b3cf153-0dd6-4b79-b0d4-b4df832f3a7e')",Chlorpyrifos methyl,['P'],[2.2665512646128657e-14],2.2665512646128657e-14
"('ecoinvent-3.4-biosphere', '2baa4381-b781-4f5e-90de-508b0fa3fd1f')",Aluminium,"['Al', 'Al', 'Al', 'Al', 'Al', 'Al', 'Al', 'Al', 'Al', 'Al', 'Al', 'Al']","[0.011590069725117346, 0.0002892720902397664, 1.6633506233844874e-05, 4.518590688469237e-06, 2.729972908598881e-06, 1.407404954512606e-06, 9.151723171562602e-07, 9.05289587078006e-07, 2.297598096483282e-07, 1.6988168283719987e-07, 4.796143817381787e-09, 3.135684252306715e-09]",0.011906859325367327
"('ecoinvent-3.4-biosphere', '2bcad3b3-5305-481c-a166-ad5e6eac2675')",Nickel,"['Ni', 'Ni', 'Ni', 'Ni', 'Ni', 'Ni', 'Ni', 'Ni']","[1.739439548943098e-06, 1.331110556652414e-07, 9.177247268312932e-09, 4.162385215934506e-09, 1.0756192210881725e-09, 7.166892429517964e-10, 1.7074232994914234e-10, 0.0]",1.887853287886576e-06
"('ecoinvent-3.4-biosphere', '2c7be02c-791f-4fef-b231-b90321bbeb30')","Zinc, ion","['Zn', 'Zn', 'Zn', 'Zn', 'Zn']","[1.3789901159394141e-05, 4.963859993587741e-08, 1.1581709781567576e-08, 6.881042023626401e-09, 2.381397146612886e-09]",1.3860383908281826e-05
"('ecoinvent-3.4-biosphere', '2d4b8ec1-8d53-4e62-8a11-ebc45909b02e')",Phosphorus,"['P', 'P', 'P', 'P', 'P', 'P', 'P', 'P', 'P', 'P']","[3.317206212804226e-11, 1.5073076202205168e-11, 1.0460920787635983e-11, 8.009430846753942e-12, 1.20952190655227e-12, 7.818113508413968e-13, 2.1457819289366382e-13, 8.262493634413301e-14, 8.245483868825215e-14, 3.784672843349951e-15]",6.909026586280043e-11
"('ecoinvent-3.4-biosphere', '2e0c9efa-d55c-49db-8be3-0376d5921ff4')",Aluminium,"['Al', 'Al', 'Al', 'Al', 'Al', 'Al', 'Al', 'Al', 'Al', 'Al', 'Al', 'Al']","[0.011590069725117346, 0.0002892720902397664, 1.6633506233844874e-05, 4.518590688469237e-06, 2.729972908598881e-06, 1.407404954512606e-06, 9.151723171562602e-07, 9.05289587078006e-07, 2.297598096483282e-07, 1.6988168283719987e-07, 4.796143817381787e-09, 3.135684252306715e-09]",0.011906859325367327
"('ecoinvent-3.4-biosphere', '2e518059-747c-4ff1-8da3-17134c547ac2')",Uranium,"['U', 'U', 'U']","[5.052945666947955e-07, 8.439841675871294e-11, 1.298756364084151e-11]",5.05391952675195e-07
"('ecoinvent-3.4-biosphere', '2f8952b0-c90c-4e3d-b546-52b862fc8f11')",Phosphorus,"['P', 'P', 'P', 'P', 'P', 'P', 'P', 'P', 'P', 'P']","[3.317206212804226e-11, 1.5073076202205168e-11, 1.0460920787635983e-11, 8.009430846753942e-12, 1.20952190655227e-12, 7.818113508413968e-13, 2.1457819289366382e-13, 8.262493634413301e-14, 8.245483868825215e-14, 3.784672843349951e-15]",6.909026586280043e-11
"('ecoinvent-3.4-biosphere', '30f484ee-dec4-47ae-8e92-d00d4b93fe05')","Chromium, ion","['Cr', 'Cr', 'Cr', 'Cr']","[3.7142818893722613e-10, 5.417888254332425e-11, 2.564799906261022e-11, 1.0120321437469016e-11]",4.6137539198062964e-10
"('ecoinvent-3.4-biosphere', '31c4d160-b21e-41b3-b9c1-3d7a72377653')",Lead,"['Pb', 'Pb', 'Pb', 'Pb', 'Pb', 'Pb', 'Pb', 'Pb', 'Pb', 'Pb', 'Pb', 'Pb', 'Pb']","[1.4276393226772637e-07, 7.516100124864669e-08, 2.2630048409204512e-09, 1.4617394309898315e-09, 1.3873639744815493e-09, 9.627925351041166e-10, 5.469374745000741e-10, 2.283752984708969e-10, 1.450373339972473e-10, 1.1343872970780595e-10, 3.4759330354305877e-11, 1.3759863416496502e-11, 0.0]",2.2508214232831586e-07
"('ecoinvent-3.4-biosphere', '329fc7d8-4011-4327-84e4-34ff76f0e42d')",Phosphate,"['P', 'P', 'P', 'P', 'P']","[6.890379623909851e-07, 9.551994636804205e-08, 4.017153814213599e-11, 5.599869978022432e-12, 0.0]",7.846036801671472e-07
"('ecoinvent-3.4-biosphere', '33456751-d78b-465d-8635-52d71e77cf54')",Monocrotophos,['P'],[6.718857407295381e-15],6.718857407295381e-15
"('ecoinvent-3.4-biosphere', '33627701-feca-434d-a192-674a450eaaf7')",Cobalt,"['Co', 'Co', 'Co', 'Co', 'Co', 'Co', 'Co', 'Co', 'Co', 'Co', 'Co', 'Co']","[0.006183580031733296, 2.181090723851185e-05, 1.4021903112423571e-05, 1.3046729752604036e-06, 8.292743500533589e-07, 1.5887946862953625e-07, 1.544320449975484e-07, 2.6945789265606805e-08, 2.659939057609553e-08, 1.4158763014319011e-08, 1.9765351633427608e-09, 8.244198128491982e-10]",0.006221930605821004
"('ecoinvent-3.4-biosphere', '347de5bf-3551-4022-8371-258e830b5a09')",Uranium,"['U', 'U', 'U']","[5.052945666947955e-07, 8.439841675871294e-11, 1.298756364084151e-11]",5.05391952675195e-07
"('ecoinvent-3.4-biosphere', '34b96163-a3df-4bc1-8224-e2a9fe01b23f')",Antimony,"['Sb', 'Sb', 'Sb', 'Sb', 'Sb', 'Sb', 'Sb', 'Sb', 'Sb', 'Sb']","[1.7350017581247708e-05, 5.384088389877791e-06, 2.0977857681716064e-06, 4.6489750761189506e-07, 3.091190759124856e-07, 4.540691344178289e-09, 4.006907602059052e-09, 1.0324450349768164e-09, 2.407092576855955e-10, 2.1439127009195476e-12]",2.561573121997309e-05
"('ecoinvent-3.4-biosphere', '3573a5af-88f8-4f74-ade7-cd269cbc4e66')",Copper,"['Cu', 'Cu', 'Cu', 'Cu', 'Cu', 'Cu', 'Cu', 'Cu']","[7.455359213936176e-07, 2.2529905318182514e-07, 2.9215393428321582e-08, 1.879239637232533e-08, 1.3453985352244406e-08, 3.223207972725828e-09, 1.8003823172714793e-10, 0.0]",1.035699995932787e-06
"('ecoinvent-3.4-biosphere', '35b4d818-1019-413b-b99d-d351d8a67ac4')",Molybdenum,"['Mo', 'Mo', 'Mo', 'Mo', 'Mo', 'Mo', 'Mo', 'Mo', 'Mo', 'Mo', 'Mo']","[0.0018408823506656682, 0.0008201659186594493, 4.2275513613533585e-05, 9.468779230479777e-06, 4.6928203656647695e-06, 6.100019112353675e-07, 4.456254977445468e-07, 2.0730948967001637e-07, 1.6982846287090665e-08, 8.030977391469239e-09, 7.555423727323264e-09]",0.002718780888680851
"('ecoinvent-3.4-biosphere', '35df5fe0-c90d-43b4-a35a-3d97022114d2')",Silver,"['Ag', 'Ag', 'Ag', 'Ag', 'Ag', 'Ag']","[8.158053664904727e-07, 6.464874619091479e-09, 5.737038128757659e-09, 4.2316947779648454e-09, 3.2632329390021228e-09, 0.0]",8.355022069552889e-07
"('ecoinvent-3.4-biosphere', '381a22c9-3722-4378-810d-86958f7b6d32')",Cobalt,"['Co', 'Co', 'Co', 'Co', 'Co', 'Co', 'Co', 'Co', 'Co', 'Co', 'Co', 'Co']","[0.006183580031733296, 2.181090723851185e-05, 1.4021903112423571e-05, 1.3046729752604036e-06, 8.292743500533589e-07, 1.5887946862953625e-07, 1.544320449975484e-07, 2.6945789265606805e-08, 2.659939057609553e-08, 1.4158763014319011e-08, 1.9765351633427608e-09, 8.244198128491982e-10]",0.006221930605821004
"('ecoinvent-3.4-biosphere', '3822809c-cc03-469d-ac2a-9f85842f8440')",Molybdenum,"['Mo', 'Mo', 'Mo', 'Mo', 'Mo', 'Mo', 'Mo', 'Mo', 'Mo', 'Mo', 'Mo']","[0.0018408823506656682, 0.0008201659186594493, 4.2275513613533585e-05, 9.468779230479777e-06, 4.6928203656647695e-06, 6.100019112353675e-07, 4.456254977445468e-07, 2.0730948967001637e-07, 1.6982846287090665e-08, 8.030977391469239e-09, 7.555423727323264e-09]",0.002718780888680851
"('ecoinvent-3.4-biosphere', '3850d44e-8919-47bc-9c0a-51ccc4ec9d9f')",Glyphosate,"['P', 'P', 'P', 'P', 'P']","[5.700185070576003e-12, 1.1388038061223608e-13, 6.527497544428636e-14, 0.0, 0.0]",5.8793404266325255e-12
"('ecoinvent-3.4-biosphere', '39555a26-d28b-425f-993f-e8770ab7d9cf')",Aluminium,"['Al', 'Al', 'Al', 'Al', 'Al', 'Al', 'Al', 'Al', 'Al', 'Al', 'Al', 'Al']","[0.011590069725117346, 0.0002892720902397664, 1.6633506233844874e-05, 4.518590688469237e-06, 2.729972908598881e-06, 1.407404954512606e-06, 9.151723171562602e-07, 9.05289587078006e-07, 2.297598096483282e-07, 1.6988168283719987e-07, 4.796143817381787e-09, 3.135684252306715e-09]",0.011906859325367327
"('ecoinvent-3.4-biosphere', '3aaf9017-0d8a-42aa-9a60-cbc39e994e73')",Phosphate,"['P', 'P', 'P', 'P', 'P']","[6.890379623909851e-07, 9.551994636804205e-08, 4.017153814213599e-11, 5.599869978022432e-12, 0.0]",7.846036801671472e-07
"('ecoinvent-3.4-biosphere', '3b8a6f65-384b-4086-a817-b0c77555b78a')",Dichromate,"['Cr', 'Cr']","[1.5656373026672478e-12, 1.5784665413735273e-14]",1.581421968080983e-12
"('ecoinvent-3.4-biosphere', '3ddb2e36-bc1b-43a5-8ef4-cbcdbeeeea70')","Tin, ion","['Sn', 'Sn', 'Sn', 'Sn']","[3.975939701484115e-06, 2.2631282698047247e-08, 4.9318602590647365e-09, 4.837261737807465e-09]",4.008340106179035e-06
"('ecoinvent-3.4-biosphere', '3ea5684a-6d64-4f96-8c09-1d90f997c9d4')",Antimony,"['Sb', 'Sb', 'Sb', 'Sb', 'Sb', 'Sb', 'Sb', 'Sb', 'Sb', 'Sb']","[1.7350017581247708e-05, 5.384088389877791e-06, 2.0977857681716064e-06, 4.6489750761189506e-07, 3.091190759124856e-07, 4.540691344178289e-09, 4.006907602059052e-09, 1.0324450349768164e-09, 2.407092576855955e-10, 2.1439127009195476e-12]",2.561573121997309e-05
"('ecoinvent-3.4-biosphere', '4010918f-7fd0-4925-8fbb-8fd7a44a806c')",Lead,"['Pb', 'Pb', 'Pb', 'Pb', 'Pb', 'Pb', 'Pb', 'Pb', 'Pb', 'Pb', 'Pb', 'Pb', 'Pb']","[1.4276393226772637e-07, 7.516100124864669e-08, 2.2630048409204512e-09, 1.4617394309898315e-09, 1.3873639744815493e-09, 9.627925351041166e-10, 5.469374745000741e-10, 2.283752984708969e-10, 1.450373339972473e-10, 1.1343872970780595e-10, 3.4759330354305877e-11, 1.3759863416496502e-11, 0.0]",2.2508214232831586e-07
"('ecoinvent-3.4-biosphere', '40229ebf-9346-4f20-910a-f8ea3bd88d44')","Copper, ion","['Cu', 'Cu', 'Cu', 'Cu', 'Cu']","[6.0885771087879024e-05, 9.180887491964934e-08, 2.440716126138075e-08, 1.729148554721702e-08, 1.1301586734208042e-09]",6.1020408768280694e-05
"('ecoinvent-3.4-biosphere', '42053ffb-9284-49cb-88f9-33ac5c77be4a')",Manganese,"['Mn', 'Mn', 'Mn', 'Mn', 'Mn', 'Mn', 'Mn', 'Mn', 'Mn', 'Mn', 'Mn', 'Mn']","[7.544468322121827e-06, 7.644118947449518e-08, 7.345856663954784e-09, 9.41758290562973e-10, 7.68307369734586e-10, 2.561364318165739e-10, 1.662371989660057e-10, 1.452842890936666e-10, 7.771023802961454e-11, 7.152312384651102e-11, 1.9265454674917236e-11, 3.4670668876117727e-12]",7.630705057723888e-06
"('ecoinvent-3.4-biosphere', '43b29ad9-26dd-4838-b931-6216e55a0120')",Antimony,"['Sb', 'Sb', 'Sb', 'Sb', 'Sb', 'Sb', 'Sb', 'Sb', 'Sb', 'Sb']","[1.7350017581247708e-05, 5.384088389877791e-06, 2.0977857681716064e-06, 4.6489750761189506e-07, 3.091190759124856e-07, 4.540691344178289e-09, 4.006907602059052e-09, 1.0324450349768164e-09, 2.407092576855955e-10, 2.1439127009195476e-12]",2.561573121997309e-05
"('ecoinvent-3.4-biosphere', '442511cc-a98b-4242-9229-5736cb9a9399')",Molybdenum,"['Mo', 'Mo', 'Mo', 'Mo', 'Mo', 'Mo', 'Mo', 'Mo', 'Mo', 'Mo', 'Mo']","[0.0018408823506656682, 0.0008201659186594493, 4.2275513613533585e-05, 9.468779230479777e-06, 4.6928203656647695e-06, 6.100019112353675e-07, 4.456254977445468e-07, 2.0730948967001637e-07, 1.6982846287090665e-08, 8.030977391469239e-09, 7.555423727323264e-09]",0.002718780888680851
"('ecoinvent-3.4-biosphere', '44d3e792-7c9e-48ab-9de9-acfa2e097f26')",Copper,"['Cu', 'Cu', 'Cu', 'Cu', 'Cu', 'Cu', 'Cu', 'Cu']","[7.455359213936176e-07, 2.2529905318182514e-07, 2.9215393428321582e-08, 1.879239637232533e-08, 1.3453985352244406e-08, 3.223207972725828e-09, 1.8003823172714793e-10, 0.0]",1.035699995932787e-06
"('ecoinvent-3.4-biosphere', '44f28e11-061d-44fd-8f25-dc62a9f1fa57')",Manganese,"['Mn', 'Mn', 'Mn', 'Mn', 'Mn', 'Mn', 'Mn', 'Mn', 'Mn', 'Mn', 'Mn', 'Mn']","[7.544468322121827e-06, 7.644118947449518e-08, 7.345856663954784e-09, 9.41758290562973e-10, 7.68307369734586e-10, 2.561364318165739e-10, 1.662371989660057e-10, 1.452842890936666e-10, 7.771023802961454e-11, 7.152312384651102e-11, 1.9265454674917236e-11, 3.4670668876117727e-12]",7.630705057723888e-06
"('ecoinvent-3.4-biosphere', '4518a791-f5dd-4ee2-ab87-2f8ffca6b230')",Sulfosate,['P'],[6.378662095533664e-16],6.378662095533664e-16
"('ecoinvent-3.4-biosphere', '4569494e-085e-413a-8fef-63a3c419e0cf')",Lithium,"['Li', 'Li', 'Li']","[1.7748242231779094e-08, 1.7748242231779094e-08, 6.794547227327257e-12]",3.550327901078551e-08
"('ecoinvent-3.4-biosphere', '46e63323-cffd-4c46-829b-5f006b50fa9b')",Aluminium,"['Al', 'Al', 'Al', 'Al', 'Al', 'Al', 'Al', 'Al', 'Al', 'Al', 'Al', 'Al']","[0.011590069725117346, 0.0002892720902397664, 1.6633506233844874e-05, 4.518590688469237e-06, 2.729972908598881e-06, 1.407404954512606e-06, 9.151723171562602e-07, 9.05289587078006e-07, 2.297598096483282e-07, 1.6988168283719987e-07, 4.796143817381787e-09, 3.135684252306715e-09]",0.011906859325367327
"('ecoinvent-3.4-biosphere', '48dbf4b1-0b2a-4bf5-a190-2d7fc465bda4')",Silver,"['Ag', 'Ag', 'Ag', 'Ag', 'Ag', 'Ag']","[8.158053664904727e-07, 6.464874619091479e-09, 5.737038128757659e-09, 4.2316947779648454e-09, 3.2632329390021228e-09, 0.0]",8.355022069552889e-07
"('ecoinvent-3.4-biosphere', '490b267b-f429-4d9a-ac79-224e37fb4d58')",Phosphate,"['P', 'P', 'P', 'P', 'P']","[6.890379623909851e-07, 9.551994636804205e-08, 4.017153814213599e-11, 5.599869978022432e-12, 0.0]",7.846036801671472e-07
"('ecoinvent-3.4-biosphere', '49803ad0-9ca2-4507-a5ea-f152d16c929d')",Antimony,"['Sb', 'Sb', 'Sb', 'Sb', 'Sb', 'Sb', 'Sb', 'Sb', 'Sb', 'Sb']","[1.7350017581247708e-05, 5.384088389877791e-06, 2.0977857681716064e-06, 4.6489750761189506e-07, 3.091190759124856e-07, 4.540691344178289e-09, 4.006907602059052e-09, 1.0324450349768164e-09, 2.407092576855955e-10, 2.1439127009195476e-12]",2.561573121997309e-05
"('ecoinvent-3.4-biosphere', '4b4530b5-89d5-4127-b8a5-96fc50972e26')",Cu-HDO,['Cu'],[5.210193364951616e-15],5.210193364951616e-15
"('ecoinvent-3.4-biosphere', '4c0af94e-e0d5-4409-9ec4-ac501a99aabd')",Sodium dichromate,['Cr'],[1.3685640757653551e-14],1.3685640757653551e-14
"('ecoinvent-3.4-biosphere', '4d40d8e3-9bc7-4ab1-ac5c-4f4a76fda8e5')",Chromium,"['Cr', 'Cr', 'Cr', 'Cr', 'Cr', 'Cr', 'Cr']","[8.731665085889396e-09, 1.0182293038216205e-10, 1.0064855127619413e-10, 5.208076466665703e-11, 2.4004882562108606e-11, 4.068296003966836e-12, 0.0]",9.014290510780483e-09
"('ecoinvent-3.4-biosphere', '4f6390e3-bca5-4d3b-aead-7d63f2534440')",Mancozeb,"['Mn', 'Zn']","[4.151285076370738e-12, 5.879276322398435e-11]",6.294404830035509e-11
"('ecoinvent-3.4-biosphere', '52317c31-7bdc-47de-9c23-ecf55127de75')",Uranium,"['U', 'U', 'U']","[5.052945666947955e-07, 8.439841675871294e-11, 1.298756364084151e-11]",5.05391952675195e-07
"('ecoinvent-3.4-biosphere', '541b633c-17a3-4047-bce6-0c0e4fdb7c10')","Zinc, ion","['Zn', 'Zn', 'Zn', 'Zn', 'Zn']","[1.3789901159394141e-05, 4.963859993587741e-08, 1.1581709781567576e-08, 6.881042023626401e-09, 2.381397146612886e-09]",1.3860383908281826e-05
"('ecoinvent-3.4-biosphere', '55fb6174-72e0-4a5e-9eb5-8d5780acffd1')",Uranium,"['U', 'U', 'U']","[5.052945666947955e-07, 8.439841675871294e-11, 1.298756364084151e-11]",5.05391952675195e-07
"('ecoinvent-3.4-biosphere', '56815b4f-6138-4e0b-9fac-c94fd6b102b3')",Nickel,"['Ni', 'Ni', 'Ni', 'Ni', 'Ni', 'Ni', 'Ni', 'Ni']","[1.739439548943098e-06, 1.331110556652414e-07, 9.177247268312932e-09, 4.162385215934506e-09, 1.0756192210881725e-09, 7.166892429517964e-10, 1.7074232994914234e-10, 0.0]",1.887853287886576e-06
"('ecoinvent-3.4-biosphere', '58060894-19d9-4855-84d8-58935a5325f8')",Chromium VI,"['Cr', 'Cr', 'Cr', 'Cr', 'Cr', 'Cr', 'Cr', 'Cr', 'Cr']","[2.8968305404181203e-07, 2.7753125954393126e-08, 1.1769944027995999e-09, 8.267696896741501e-10, 1.0963202416161515e-10, 1.1267916989555344e-11, 1.0441673716193909e-11, 8.885137784530035e-12, 4.6900606915487147e-14]",3.195802177419377e-07
"('ecoinvent-3.4-biosphere', '591de726-f2c7-43ba-8e22-15fd08acc8dc')",Chromium,"['Cr', 'Cr', 'Cr', 'Cr', 'Cr', 'Cr', 'Cr']","[8.731665085889396e-09, 1.0182293038216205e-10, 1.0064855127619413e-10, 5.208076466665703e-11, 2.4004882562108606e-11, 4.068296003966836e-12, 0.0]",9.014290510780483e-09
"('ecoinvent-3.4-biosphere', '595f08d9-6304-497e-bb7d-48b6d2d8bff3')",Uranium,"['U', 'U', 'U']","[5.052945666947955e-07, 8.439841675871294e-11, 1.298756364084151e-11]",5.05391952675195e-07
"('ecoinvent-3.4-biosphere', '5ce378a0-b48d-471c-977d-79681521efde')",Zinc,"['Zn', 'Zn', 'Zn', 'Zn', 'Zn', 'Zn', 'Zn', 'Zn']","[1.0652236407115368e-07, 7.488347730633147e-09, 6.048276605328739e-09, 1.6302017706721951e-09, 1.0242592072545443e-09, 7.804846431897625e-10, 4.936951641580841e-10, 0.0]",1.2398762919239016e-07
"('ecoinvent-3.4-biosphere', '5de1943f-b011-45a0-97d4-ed15eea6a382')",Nickel,"['Ni', 'Ni', 'Ni', 'Ni', 'Ni', 'Ni', 'Ni', 'Ni']","[1.739439548943098e-06, 1.331110556652414e-07, 9.177247268312932e-09, 4.162385215934506e-09, 1.0756192210881725e-09, 7.166892429517964e-10, 1.7074232994914234e-10, 0.0]",1.887853287886576e-06
"('ecoinvent-3.4-biosphere', '5df5cb9f-812c-4ce8-ab1c-df6ab4d31900')",Antimony,"['Sb', 'Sb', 'Sb', 'Sb', 'Sb', 'Sb', 'Sb', 'Sb', 'Sb', 'Sb']","[1.7350017581247708e-05, 5.384088389877791e-06, 2.0977857681716064e-06, 4.6489750761189506e-07, 3.091190759124856e-07, 4.540691344178289e-09, 4.006907602059052e-09, 1.0324450349768164e-09, 2.407092576855955e-10, 2.1439127009195476e-12]",2.561573121997309e-05
"('ecoinvent-3.4-biosphere', '5fa36ce3-aed0-443b-a09d-4cdf25b41995')",Molybdenum,"['Mo', 'Mo', 'Mo', 'Mo', 'Mo', 'Mo', 'Mo', 'Mo', 'Mo', 'Mo', 'Mo']","[0.0018408823506656682, 0.0008201659186594493, 4.2275513613533585e-05, 9.468779230479777e-06, 4.6928203656647695e-06, 6.100019112353675e-07, 4.456254977445468e-07, 2.0730948967001637e-07, 1.6982846287090665e-08, 8.030977391469239e-09, 7.555423727323264e-09]",0.002718780888680851
"('ecoinvent-3.4-biosphere', '60a6702f-20ad-444f-a6df-f6374f1e3183')","Tin, ion","['Sn', 'Sn', 'Sn', 'Sn']","[3.975939701484115e-06, 2.2631282698047247e-08, 4.9318602590647365e-09, 4.837261737807465e-09]",4.008340106179035e-06
"('ecoinvent-3.4-biosphere', '615b1460-6860-4cf6-8678-ad92c03c5e8b')","Copper, ion","['Cu', 'Cu', 'Cu', 'Cu', 'Cu']","[6.0885771087879024e-05, 9.180887491964934e-08, 2.440716126138075e-08, 1.729148554721702e-08, 1.1301586734208042e-09]",6.1020408768280694e-05
"('ecoinvent-3.4-biosphere', '6230c099-a983-4d9d-98a8-a0697962bec3')",Lithium,"['Li', 'Li', 'Li']","[1.7748242231779094e-08, 1.7748242231779094e-08, 6.794547227327257e-12]",3.550327901078551e-08
"('ecoinvent-3.4-biosphere', '62f3d964-9b53-4d01-9ee0-04112dcfc6d2')",Phosphorus,"['P', 'P', 'P', 'P', 'P', 'P', 'P', 'P', 'P', 'P']","[3.317206212804226e-11, 1.5073076202205168e-11, 1.0460920787635983e-11, 8.009430846753942e-12, 1.20952190655227e-12, 7.818113508413968e-13, 2.1457819289366382e-13, 8.262493634413301e-14, 8.245483868825215e-14, 3.784672843349951e-15]",6.909026586280043e-11
"('ecoinvent-3.4-biosphere', '6366d4ec-5ffc-4488-be51-0c239cdf535d')",Tin,"['Sn', 'Sn', 'Sn', 'Sn', 'Sn']","[7.762840641987719e-08, 2.8062916589896724e-08, 1.2171718454475737e-09, 6.865384176641438e-10, 7.610135346169052e-11]",1.0767113462634731e-07
"('ecoinvent-3.4-biosphere', '640e30d2-3158-4a1a-82ef-fd0c72922c9a')",Molybdenum,"['Mo', 'Mo', 'Mo', 'Mo', 'Mo', 'Mo', 'Mo', 'Mo', 'Mo', 'Mo', 'Mo']","[0.0018408823506656682, 0.0008201659186594493, 4.2275513613533585e-05, 9.468779230479777e-06, 4.6928203656647695e-06, 6.100019112353675e-07, 4.456254977445468e-07, 2.0730948967001637e-07, 1.6982846287090665e-08, 8.030977391469239e-09, 7.555423727323264e-09]",0.002718780888680851
"('ecoinvent-3.4-biosphere', '64a408f9-a93b-47c8-863e-3e239fb1b118')",Sodium dichromate,['Cr'],[1.3685640757653551e-14],1.3685640757653551e-14
"('ecoinvent-3.4-biosphere', '67652827-017f-4856-8d0a-c97bac4c6562')",Lead,"['Pb', 'Pb', 'Pb', 'Pb', 'Pb', 'Pb', 'Pb', 'Pb', 'Pb', 'Pb', 'Pb', 'Pb', 'Pb']","[1.4276393226772637e-07, 7.516100124864669e-08, 2.2630048409204512e-09, 1.4617394309898315e-09, 1.3873639744815493e-09, 9.627925351041166e-10, 5.469374745000741e-10, 2.283752984708969e-10, 1.450373339972473e-10, 1.1343872970780595e-10, 3.4759330354305877e-11, 1.3759863416496502e-11, 0.0]",2.2508214232831586e-07
"('ecoinvent-3.4-biosphere', '68ba2022-830e-45fb-8c85-b35e94754ae9')",Chromium VI,"['Cr', 'Cr', 'Cr', 'Cr', 'Cr', 'Cr', 'Cr', 'Cr', 'Cr']","[2.8968305404181203e-07, 2.7753125954393126e-08, 1.1769944027995999e-09, 8.267696896741501e-10, 1.0963202416161515e-10, 1.1267916989555344e-11, 1.0441673716193909e-11, 8.885137784530035e-12, 4.6900606915487147e-14]",3.195802177419377e-07
"('ecoinvent-3.4-biosphere', '697e8ecf-bdbe-4857-92c9-e01960c91db7')",Molybdenum,"['Mo', 'Mo', 'Mo', 'Mo', 'Mo', 'Mo', 'Mo', 'Mo', 'Mo', 'Mo', 'Mo']","[0.0018408823506656682, 0.0008201659186594493, 4.2275513613533585e-05, 9.468779230479777e-06, 4.6928203656647695e-06, 6.100019112353675e-07, 4.456254977445468e-07, 2.0730948967001637e-07, 1.6982846287090665e-08, 8.030977391469239e-09, 7.555423727323264e-09]",0.002718780888680851
"('ecoinvent-3.4-biosphere', '6a903634-c97f-4c49-a7c0-88f0e6ac7a23')",Lead,"['Pb', 'Pb', 'Pb', 'Pb', 'Pb', 'Pb', 'Pb', 'Pb', 'Pb', 'Pb', 'Pb', 'Pb', 'Pb']","[1.4276393226772637e-07, 7.516100124864669e-08, 2.2630048409204512e-09, 1.4617394309898315e-09, 1.3873639744815493e-09, 9.627925351041166e-10, 5.469374745000741e-10, 2.283752984708969e-10, 1.450373339972473e-10, 1.1343872970780595e-10, 3.4759330354305877e-11, 1.3759863416496502e-11, 0.0]",2.2508214232831586e-07
"('ecoinvent-3.4-biosphere', '6aa8673f-f7e3-4270-93dc-e97b745fced7')","Silver, ion","['Ag', 'Ag', 'Ag', 'Ag', 'Ag']","[0.0004024307839760653, 0.00017793113936312853, 2.658902655148094e-05, 3.9578510269523656e-06, 1.3291195006713617e-07]",0.0006110417128676941
"('ecoinvent-3.4-biosphere', '6b29d83a-c43c-484c-8e73-474a8a22d71e')",Chromium,"['Cr', 'Cr', 'Cr', 'Cr', 'Cr', 'Cr', 'Cr']","[8.731665085889396e-09, 1.0182293038216205e-10, 1.0064855127619413e-10, 5.208076466665703e-11, 2.4004882562108606e-11, 4.068296003966836e-12, 0.0]",9.014290510780483e-09
"('ecoinvent-3.4-biosphere', '6b7fbea6-4a86-40f9-954d-3c9b3611abfd')",Manganese,"['Mn', 'Mn', 'Mn', 'Mn', 'Mn', 'Mn', 'Mn', 'Mn', 'Mn', 'Mn', 'Mn', 'Mn']","[7.544468322121827e-06, 7.644118947449518e-08, 7.345856663954784e-09, 9.41758290562973e-10, 7.68307369734586e-10, 2.561364318165739e-10, 1.662371989660057e-10, 1.452842890936666e-10, 7.771023802961454e-11, 7.152312384651102e-11, 1.9265454674917236e-11, 3.4670668876117727e-12]",7.630705057723888e-06
"('ecoinvent-3.4-biosphere', '6d9550e2-e670-44c1-bad8-c0c4975ffca7')","Copper, ion","['Cu', 'Cu', 'Cu', 'Cu', 'Cu']","[6.0885771087879024e-05, 9.180887491964934e-08, 2.440716126138075e-08, 1.729148554721702e-08, 1.1301586734208042e-09]",6.1020408768280694e-05
"('ecoinvent-3.4-biosphere', '6e8a87bf-baea-4cd9-a967-932e750968d1')",Silver,"['Ag', 'Ag', 'Ag', 'Ag', 'Ag', 'Ag']","[8.158053664904727e-07, 6.464874619091479e-09, 5.737038128757659e-09, 4.2316947779648454e-09, 3.2632329390021228e-09, 0.0]",8.355022069552889e-07
"('ecoinvent-3.4-biosphere', '6ec6cdaa-5a01-46d4-b716-1905e56690ea')","Nickel, ion","['Ni', 'Ni', 'Ni', 'Ni', 'Ni']","[0.00032930248650120424, 1.2376858782241627e-06, 6.261080022819181e-08, 3.55183351925603e-08, 4.5074327134032834e-10]",0.0003306387522581205
"('ecoinvent-3.4-biosphere', '6f0b8b7c-3888-4174-b7e3-916d42d678ee')",Aluminium,"['Al', 'Al', 'Al', 'Al', 'Al', 'Al', 'Al', 'Al', 'Al', 'Al', 'Al', 'Al']","[0.011590069725117346, 0.0002892720902397664, 1.6633506233844874e-05, 4.518590688469237e-06, 2.729972908598881e-06, 1.407404954512606e-06, 9.151723171562602e-07, 9.05289587078006e-07, 2.297598096483282e-07, 1.6988168283719987e-07, 4.796143817381787e-09, 3.135684252306715e-09]",0.011906859325367327
"('ecoinvent-3.4-biosphere', '71cfe87c-ab80-421e-adba-afb7d5bd0861')","Silver, ion","['Ag', 'Ag', 'Ag', 'Ag', 'Ag']","[0.0004024307839760653, 0.00017793113936312853, 2.658902655148094e-05, 3.9578510269523656e-06, 1.3291195006713617e-07]",0.0006110417128676941
"('ecoinvent-3.4-biosphere', '736923cd-6eb7-4896-98f8-46951d56da97')",Chlorpyrifos,"['P', 'P']","[1.998647456600543e-15, 4.252441397022444e-16]",2.4238915963027874e-15
"('ecoinvent-3.4-biosphere', '739234c8-5359-48b4-983f-9cb170d68c8d')",Lead,"['Pb', 'Pb', 'Pb', 'Pb', 'Pb', 'Pb', 'Pb', 'Pb', 'Pb', 'Pb', 'Pb', 'Pb', 'Pb']","[1.4276393226772637e-07, 7.516100124864669e-08, 2.2630048409204512e-09, 1.4617394309898315e-09, 1.3873639744815493e-09, 9.627925351041166e-10, 5.469374745000741e-10, 2.283752984708969e-10, 1.450373339972473e-10, 1.1343872970780595e-10, 3.4759330354305877e-11, 1.3759863416496502e-11, 0.0]",2.2508214232831586e-07
"('ecoinvent-3.4-biosphere', '73a06727-fec3-4d8d-8de5-ef1a0cc2c280')",Acephate,"['P', 'P']","[1.403305661017404e-15, 1.7009765588089787e-16]",1.573403316898302e-15
"('ecoinvent-3.4-biosphere', '748f22a9-eba4-4726-bef5-92c7442ce189')",Zinc,"['Zn', 'Zn', 'Zn', 'Zn', 'Zn', 'Zn', 'Zn', 'Zn']","[1.0652236407115368e-07, 7.488347730633147e-09, 6.048276605328739e-09, 1.6302017706721951e-09, 1.0242592072545443e-09, 7.804846431897625e-10, 4.936951641580841e-10, 0.0]",1.2398762919239016e-07
"('ecoinvent-3.4-biosphere', '74eb3f02-09ec-46ce-8ee8-d67d0900136b')",Cobalt,"['Co', 'Co', 'Co', 'Co', 'Co', 'Co', 'Co', 'Co', 'Co', 'Co', 'Co', 'Co']","[0.006183580031733296, 2.181090723851185e-05, 1.4021903112423571e-05, 1.3046729752604036e-06, 8.292743500533589e-07, 1.5887946862953625e-07, 1.544320449975484e-07, 2.6945789265606805e-08, 2.659939057609553e-08, 1.4158763014319011e-08, 1.9765351633427608e-09, 8.244198128491982e-10]",0.006221930605821004
"('ecoinvent-3.4-biosphere', '765546a9-b056-4d27-ad14-2f016511bdcb')",Aluminium,"['Al', 'Al', 'Al', 'Al', 'Al', 'Al', 'Al', 'Al', 'Al', 'Al', 'Al', 'Al']","[0.011590069725117346, 0.0002892720902397664, 1.6633506233844874e-05, 4.518590688469237e-06, 2.729972908598881e-06, 1.407404954512606e-06, 9.151723171562602e-07, 9.05289587078006e-07, 2.297598096483282e-07, 1.6988168283719987e-07, 4.796143817381787e-09, 3.135684252306715e-09]",0.011906859325367327
"('ecoinvent-3.4-biosphere', '76b09afe-52b9-4ecc-b97a-00b49ad8ed1a')",Phosphorus,"['P', 'P', 'P', 'P', 'P', 'P', 'P', 'P', 'P', 'P']","[3.317206212804226e-11, 1.5073076202205168e-11, 1.0460920787635983e-11, 8.009430846753942e-12, 1.20952190655227e-12, 7.818113508413968e-13, 2.1457819289366382e-13, 8.262493634413301e-14, 8.245483868825215e-14, 3.784672843349951e-15]",6.909026586280043e-11
"('ecoinvent-3.4-biosphere', '7705f0e1-5b14-44f4-b330-1245b5c7fc08')",Chromium,"['Cr', 'Cr', 'Cr', 'Cr', 'Cr', 'Cr', 'Cr']","[8.731665085889396e-09, 1.0182293038216205e-10, 1.0064855127619413e-10, 5.208076466665703e-11, 2.4004882562108606e-11, 4.068296003966836e-12, 0.0]",9.014290510780483e-09
"('ecoinvent-3.4-biosphere', '77887584-ddca-4920-952c-3609730e0c13')",Zinc,"['Zn', 'Zn', 'Zn', 'Zn', 'Zn', 'Zn', 'Zn', 'Zn']","[1.0652236407115368e-07, 7.488347730633147e-09, 6.048276605328739e-09, 1.6302017706721951e-09, 1.0242592072545443e-09, 7.804846431897625e-10, 4.936951641580841e-10, 0.0]",1.2398762919239016e-07
"('ecoinvent-3.4-biosphere', '77927dac-dea3-429d-a434-d5a71d92c4f7')",Antimony,"['Sb', 'Sb', 'Sb', 'Sb', 'Sb', 'Sb', 'Sb', 'Sb', 'Sb', 'Sb']","[1.7350017581247708e-05, 5.384088389877791e-06, 2.0977857681716064e-06, 4.6489750761189506e-07, 3.091190759124856e-07, 4.540691344178289e-09, 4.006907602059052e-09, 1.0324450349768164e-09, 2.407092576855955e-10, 2.1439127009195476e-12]",2.561573121997309e-05
"('ecoinvent-3.4-biosphere', '7805afa2-d93b-40bb-b841-325b98aec824')",Antimony,"['Sb', 'Sb', 'Sb', 'Sb', 'Sb', 'Sb', 'Sb', 'Sb', 'Sb', 'Sb']","[1.7350017581247708e-05, 5.384088389877791e-06, 2.0977857681716064e-06, 4.6489750761189506e-07, 3.091190759124856e-07, 4.540691344178289e-09, 4.006907602059052e-09, 1.0324450349768164e-09, 2.407092576855955e-10, 2.1439127009195476e-12]",2.561573121997309e-05
"('ecoinvent-3.4-biosphere', '7880e65c-0321-4295-ba55-3186ad36e489')",Aluminium,"['Al', 'Al', 'Al', 'Al', 'Al', 'Al', 'Al', 'Al', 'Al', 'Al', 'Al', 'Al']","[0.011590069725117346, 0.0002892720902397664, 1.6633506233844874e-05, 4.518590688469237e-06, 2.729972908598881e-06, 1.407404954512606e-06, 9.151723171562602e-07, 9.05289587078006e-07, 2.297598096483282e-07, 1.6988168283719987e-07, 4.796143817381787e-09, 3.135684252306715e-09]",0.011906859325367327
"('ecoinvent-3.4-biosphere', '7a59e8d5-cd11-4ee7-b1ca-30979d2b0b3a')",Chromium VI,"['Cr', 'Cr', 'Cr', 'Cr', 'Cr', 'Cr', 'Cr', 'Cr', 'Cr']","[2.8968305404181203e-07, 2.7753125954393126e-08, 1.1769944027995999e-09, 8.267696896741501e-10, 1.0963202416161515e-10, 1.1267916989555344e-11, 1.0441673716193909e-11, 8.885137784530035e-12, 4.6900606915487147e-14]",3.195802177419377e-07
"('ecoinvent-3.4-biosphere', '7a63162b-4ffe-447f-ba52-782d5548b774')",Sodium dichromate,['Cr'],[1.3685640757653551e-14],1.3685640757653551e-14
"('ecoinvent-3.4-biosphere', '7d3f7498-3596-478a-9fa1-72201ef94082')",Molybdenum,"['Mo', 'Mo', 'Mo', 'Mo', 'Mo', 'Mo', 'Mo', 'Mo', 'Mo', 'Mo', 'Mo']","[0.0018408823506656682, 0.0008201659186594493, 4.2275513613533585e-05, 9.468779230479777e-06, 4.6928203656647695e-06, 6.100019112353675e-07, 4.456254977445468e-07, 2.0730948967001637e-07, 1.6982846287090665e-08, 8.030977391469239e-09, 7.555423727323264e-09]",0.002718780888680851
"('ecoinvent-3.4-biosphere', '7da45a0b-0dcf-413c-8de0-44d8ebca9e6e')",Silver,"['Ag', 'Ag', 'Ag', 'Ag', 'Ag', 'Ag']","[8.158053664904727e-07, 6.464874619091479e-09, 5.737038128757659e-09, 4.2316947779648454e-09, 3.2632329390021228e-09, 0.0]",8.355022069552889e-07
"('ecoinvent-3.4-biosphere', '7e66a41c-d311-4949-bdd8-eef09cdcfa47')",Copper,"['Cu', 'Cu', 'Cu', 'Cu', 'Cu', 'Cu', 'Cu', 'Cu']","[7.455359213936176e-07, 2.2529905318182514e-07, 2.9215393428321582e-08, 1.879239637232533e-08, 1.3453985352244406e-08, 3.223207972725828e-09, 1.8003823172714793e-10, 0.0]",1.035699995932787e-06
"('ecoinvent-3.4-biosphere', '7e769b3e-03fb-4b53-be15-85a910dcfea9')","Zinc, ion","['Zn', 'Zn', 'Zn', 'Zn', 'Zn']","[1.3789901159394141e-05, 4.963859993587741e-08, 1.1581709781567576e-08, 6.881042023626401e-09, 2.381397146612886e-09]",1.3860383908281826e-05
"('ecoinvent-3.4-biosphere', '81b3321a-c9d8-4104-a974-5460f1bc5029')",Chromium VI,"['Cr', 'Cr', 'Cr', 'Cr', 'Cr', 'Cr', 'Cr', 'Cr', 'Cr']","[2.8968305404181203e-07, 2.7753125954393126e-08, 1.1769944027995999e-09, 8.267696896741501e-10, 1.0963202416161515e-10, 1.1267916989555344e-11, 1.0441673716193909e-11, 8.885137784530035e-12, 4.6900606915487147e-14]",3.195802177419377e-07
"('ecoinvent-3.4-biosphere', '81e17d9a-3e0b-414e-9b2e-eca7e5b3bd4a')",Chromium VI,"['Cr', 'Cr', 'Cr', 'Cr', 'Cr', 'Cr', 'Cr', 'Cr', 'Cr']","[2.8968305404181203e-07, 2.7753125954393126e-08, 1.1769944027995999e-09, 8.267696896741501e-10, 1.0963202416161515e-10, 1.1267916989555344e-11, 1.0441673716193909e-11, 8.885137784530035e-12, 4.6900606915487147e-14]",3.195802177419377e-07
"('ecoinvent-3.4-biosphere', '8216fc31-15a1-4d33-858f-e09650b14c63')",Chromium VI,"['Cr', 'Cr', 'Cr', 'Cr', 'Cr', 'Cr', 'Cr', 'Cr', 'Cr']","[2.8968305404181203e-07, 2.7753125954393126e-08, 1.1769944027995999e-09, 8.267696896741501e-10, 1.0963202416161515e-10, 1.1267916989555344e-11, 1.0441673716193909e-11, 8.885137784530035e-12, 4.6900606915487147e-14]",3.195802177419377e-07
"('ecoinvent-3.4-biosphere', '835d0907-a668-4d92-b6b6-7b56fa343713')",Manganese,"['Mn', 'Mn', 'Mn', 'Mn', 'Mn', 'Mn', 'Mn', 'Mn', 'Mn', 'Mn', 'Mn', 'Mn']","[7.544468322121827e-06, 7.644118947449518e-08, 7.345856663954784e-09, 9.41758290562973e-10, 7.68307369734586e-10, 2.561364318165739e-10, 1.662371989660057e-10, 1.452842890936666e-10, 7.771023802961454e-11, 7.152312384651102e-11, 1.9265454674917236e-11, 3.4670668876117727e-12]",7.630705057723888e-06
"('ecoinvent-3.4-biosphere', '837083ce-41cd-49f3-a849-d79564dac238')",Lead,"['Pb', 'Pb', 'Pb', 'Pb', 'Pb', 'Pb', 'Pb', 'Pb', 'Pb', 'Pb', 'Pb', 'Pb', 'Pb']","[1.4276393226772637e-07, 7.516100124864669e-08, 2.2630048409204512e-09, 1.4617394309898315e-09, 1.3873639744815493e-09, 9.627925351041166e-10, 5.469374745000741e-10, 2.283752984708969e-10, 1.450373339972473e-10, 1.1343872970780595e-10, 3.4759330354305877e-11, 1.3759863416496502e-11, 0.0]",2.2508214232831586e-07
"('ecoinvent-3.4-biosphere', '83cf77ca-867b-4eef-b0f0-78d71b3d91d5')",Antimony,"['Sb', 'Sb', 'Sb', 'Sb', 'Sb', 'Sb', 'Sb', 'Sb', 'Sb', 'Sb']","[1.7350017581247708e-05, 5.384088389877791e-06, 2.0977857681716064e-06, 4.6489750761189506e-07, 3.091190759124856e-07, 4.540691344178289e-09, 4.006907602059052e-09, 1.0324450349768164e-09, 2.407092576855955e-10, 2.1439127009195476e-12]",2.561573121997309e-05
"('ecoinvent-3.4-biosphere', '84aa799e-9d98-4d34-85e0-516d28ab1be9')",Zinc,"['Zn', 'Zn', 'Zn', 'Zn', 'Zn', 'Zn', 'Zn', 'Zn']","[1.0652236407115368e-07, 7.488347730633147e-09, 6.048276605328739e-09, 1.6302017706721951e-09, 1.0242592072545443e-09, 7.804846431897625e-10, 4.936951641580841e-10, 0.0]",1.2398762919239016e-07
"('ecoinvent-3.4-biosphere', '85466e0f-e5b5-4084-9338-59e317f7cb09')",Lithium,"['Li', 'Li', 'Li']","[1.7748242231779094e-08, 1.7748242231779094e-08, 6.794547227327257e-12]",3.550327901078551e-08
"('ecoinvent-3.4-biosphere', '85a764f2-a810-4b20-bc86-a45604262fda')",Tin,"['Sn', 'Sn', 'Sn', 'Sn', 'Sn']","[7.762840641987719e-08, 2.8062916589896724e-08, 1.2171718454475737e-09, 6.865384176641438e-10, 7.610135346169052e-11]",1.0767113462634731e-07
"('ecoinvent-3.4-biosphere', '876d4bb6-badc-4d04-a193-71b68e908737')",Ethephon,"['P', 'P', 'P', 'P']","[6.378662095533664e-16, 0.0, 0.0, 0.0]",6.378662095533664e-16
"('ecoinvent-3.4-biosphere', '87a69874-34f9-4070-a525-aa301ab2634b')",Zinc,"['Zn', 'Zn', 'Zn', 'Zn', 'Zn', 'Zn', 'Zn', 'Zn']","[1.0652236407115368e-07, 7.488347730633147e-09, 6.048276605328739e-09, 1.6302017706721951e-09, 1.0242592072545443e-09, 7.804846431897625e-10, 4.936951641580841e-10, 0.0]",1.2398762919239016e-07
"('ecoinvent-3.4-biosphere', '88cde01c-df69-40bb-9b14-6eac71bea5b8')",Copper,"['Cu', 'Cu', 'Cu', 'Cu', 'Cu', 'Cu', 'Cu', 'Cu']","[7.455359213936176e-07, 2.2529905318182514e-07, 2.9215393428321582e-08, 1.879239637232533e-08, 1.3453985352244406e-08, 3.223207972725828e-09, 1.8003823172714793e-10, 0.0]",1.035699995932787e-06
"('ecoinvent-3.4-biosphere', '8a422b03-1055-4bc8-b439-27bf8d7eef57')",Tin,"['Sn', 'Sn', 'Sn', 'Sn', 'Sn']","[7.762840641987719e-08, 2.8062916589896724e-08, 1.2171718454475737e-09, 6.865384176641438e-10, 7.610135346169052e-11]",1.0767113462634731e-07
"('ecoinvent-3.4-biosphere', '8b0a4a41-c65c-4d94-b10c-94ddb98abdd2')",Phosphorus,"['P', 'P', 'P', 'P', 'P', 'P', 'P', 'P', 'P', 'P']","[3.317206212804226e-11, 1.5073076202205168e-11, 1.0460920787635983e-11, 8.009430846753942e-12, 1.20952190655227e-12, 7.818113508413968e-13, 2.1457819289366382e-13, 8.262493634413301e-14, 8.245483868825215e-14, 3.784672843349951e-15]",6.909026586280043e-11
"('ecoinvent-3.4-biosphere', '8b531ec0-ca7a-49cd-bef0-56f110112f34')",Molybdenum,"['Mo', 'Mo', 'Mo', 'Mo', 'Mo', 'Mo', 'Mo', 'Mo', 'Mo', 'Mo', 'Mo']","[0.0018408823506656682, 0.0008201659186594493, 4.2275513613533585e-05, 9.468779230479777e-06, 4.6928203656647695e-06, 6.100019112353675e-07, 4.456254977445468e-07, 2.0730948967001637e-07, 1.6982846287090665e-08, 8.030977391469239e-09, 7.555423727323264e-09]",0.002718780888680851
"('ecoinvent-3.4-biosphere', '8d226423-1351-4366-b09f-d16c9e38683c')",Zinc,"['Zn', 'Zn', 'Zn', 'Zn', 'Zn', 'Zn', 'Zn', 'Zn']","[1.0652236407115368e-07, 7.488347730633147e-09, 6.048276605328739e-09, 1.6302017706721951e-09, 1.0242592072545443e-09, 7.804846431897625e-10, 4.936951641580841e-10, 0.0]",1.2398762919239016e-07
"('ecoinvent-3.4-biosphere', '8e123669-94d3-41d8-9480-a79211fe7c43')",Lead,"['Pb', 'Pb', 'Pb', 'Pb', 'Pb', 'Pb', 'Pb', 'Pb', 'Pb', 'Pb', 'Pb', 'Pb', 'Pb']","[1.4276393226772637e-07, 7.516100124864669e-08, 2.2630048409204512e-09, 1.4617394309898315e-09, 1.3873639744815493e-09, 9.627925351041166e-10, 5.469374745000741e-10, 2.283752984708969e-10, 1.450373339972473e-10, 1.1343872970780595e-10, 3.4759330354305877e-11, 1.3759863416496502e-11, 0.0]",2.2508214232831586e-07
"('ecoinvent-3.4-biosphere', '8ec83662-7c2b-4452-8acf-95a0bb94233c')",Chromium VI,"['Cr', 'Cr', 'Cr', 'Cr', 'Cr', 'Cr', 'Cr', 'Cr', 'Cr']","[2.8968305404181203e-07, 2.7753125954393126e-08, 1.1769944027995999e-09, 8.267696896741501e-10, 1.0963202416161515e-10, 1.1267916989555344e-11, 1.0441673716193909e-11, 8.885137784530035e-12, 4.6900606915487147e-14]",3.195802177419377e-07
"('ecoinvent-3.4-biosphere', '8f871bab-96dc-49d9-bf08-12cdd0715901')",Zinc,"['Zn', 'Zn', 'Zn', 'Zn', 'Zn', 'Zn', 'Zn', 'Zn']","[1.0652236407115368e-07, 7.488347730633147e-09, 6.048276605328739e-09, 1.6302017706721951e-09, 1.0242592072545443e-09, 7.804846431897625e-10, 4.936951641580841e-10, 0.0]",1.2398762919239016e-07
"('ecoinvent-3.4-biosphere', '94426df9-63b1-4dc6-ad1b-3509e22f1154')","Silver, ion","['Ag', 'Ag', 'Ag', 'Ag', 'Ag']","[0.0004024307839760653, 0.00017793113936312853, 2.658902655148094e-05, 3.9578510269523656e-06, 1.3291195006713617e-07]",0.0006110417128676941
"('ecoinvent-3.4-biosphere', '9542444c-7c7a-48e2-bc9c-9c7c34fb7b3e')",Cobalt,"['Co', 'Co', 'Co', 'Co', 'Co', 'Co', 'Co', 'Co', 'Co', 'Co', 'Co', 'Co']","[0.006183580031733296, 2.181090723851185e-05, 1.4021903112423571e-05, 1.3046729752604036e-06, 8.292743500533589e-07, 1.5887946862953625e-07, 1.544320449975484e-07, 2.6945789265606805e-08, 2.659939057609553e-08, 1.4158763014319011e-08, 1.9765351633427608e-09, 8.244198128491982e-10]",0.006221930605821004
"('ecoinvent-3.4-biosphere', '9798359e-a3ee-4362-a038-23a188582c6e')","Nickel, ion","['Ni', 'Ni', 'Ni', 'Ni', 'Ni']","[0.00032930248650120424, 1.2376858782241627e-06, 6.261080022819181e-08, 3.55183351925603e-08, 4.5074327134032834e-10]",0.0003306387522581205
"('ecoinvent-3.4-biosphere', '97e498ec-f323-4ec6-bcc0-d8a4c853bae3')",Aluminium,"['Al', 'Al', 'Al', 'Al', 'Al', 'Al', 'Al', 'Al', 'Al', 'Al', 'Al', 'Al']","[0.011590069725117346, 0.0002892720902397664, 1.6633506233844874e-05, 4.518590688469237e-06, 2.729972908598881e-06, 1.407404954512606e-06, 9.151723171562602e-07, 9.05289587078006e-07, 2.297598096483282e-07, 1.6988168283719987e-07, 4.796143817381787e-09, 3.135684252306715e-09]",0.011906859325367327
"('ecoinvent-3.4-biosphere', '98287294-2ab7-4781-bb9e-5d045cdce2a2')",Dicrotophos,['P'],[1.7009765588089787e-16],1.7009765588089787e-16
"('ecoinvent-3.4-biosphere', '9ba8c05d-1593-45a5-8d3b-5c4f3e9fef32')",Manganese,"['Mn', 'Mn', 'Mn', 'Mn', 'Mn', 'Mn', 'Mn', 'Mn', 'Mn', 'Mn', 'Mn', 'Mn']","[7.544468322121827e-06, 7.644118947449518e-08, 7.345856663954784e-09, 9.41758290562973e-10, 7.68307369734586e-10, 2.561364318165739e-10, 1.662371989660057e-10, 1.452842890936666e-10, 7.771023802961454e-11, 7.152312384651102e-11, 1.9265454674917236e-11, 3.4670668876117727e-12]",7.630705057723888e-06
"('ecoinvent-3.4-biosphere', '9bbae55a-35de-4eff-a219-814a9fec5ac2')",Chromium VI,"['Cr', 'Cr', 'Cr', 'Cr', 'Cr', 'Cr', 'Cr', 'Cr', 'Cr']","[2.8968305404181203e-07, 2.7753125954393126e-08, 1.1769944027995999e-09, 8.267696896741501e-10, 1.0963202416161515e-10, 1.1267916989555344e-11, 1.0441673716193909e-11, 8.885137784530035e-12, 4.6900606915487147e-14]",3.195802177419377e-07
"('ecoinvent-3.4-biosphere', '9c3bd678-1b2f-4b95-a245-d5c8a3fe326b')",Aluminium,"['Al', 'Al', 'Al', 'Al', 'Al', 'Al', 'Al', 'Al', 'Al', 'Al', 'Al', 'Al']","[0.011590069725117346, 0.0002892720902397664, 1.6633506233844874e-05, 4.518590688469237e-06, 2.729972908598881e-06, 1.407404954512606e-06, 9.151723171562602e-07, 9.05289587078006e-07, 2.297598096483282e-07, 1.6988168283719987e-07, 4.796143817381787e-09, 3.135684252306715e-09]",0.011906859325367327
"('ecoinvent-3.4-biosphere', '9c706cff-cb82-4207-a589-95896e04dc08')",Manganese,"['Mn', 'Mn', 'Mn', 'Mn', 'Mn', 'Mn', 'Mn', 'Mn', 'Mn', 'Mn', 'Mn', 'Mn']","[7.544468322121827e-06, 7.644118947449518e-08, 7.345856663954784e-09, 9.41758290562973e-10, 7.68307369734586e-10, 2.561364318165739e-10, 1.662371989660057e-10, 1.452842890936666e-10, 7.771023802961454e-11, 7.152312384651102e-11, 1.9265454674917236e-11, 3.4670668876117727e-12]",7.630705057723888e-06
"('ecoinvent-3.4-biosphere', '9ce88274-57b6-42ed-a78b-4abef2301865')",Cobalt,"['Co', 'Co', 'Co', 'Co', 'Co', 'Co', 'Co', 'Co', 'Co', 'Co', 'Co', 'Co']","[0.006183580031733296, 2.181090723851185e-05, 1.4021903112423571e-05, 1.3046729752604036e-06, 8.292743500533589e-07, 1.5887946862953625e-07, 1.544320449975484e-07, 2.6945789265606805e-08, 2.659939057609553e-08, 1.4158763014319011e-08, 1.9765351633427608e-09, 8.244198128491982e-10]",0.006221930605821004
"('ecoinvent-3.4-biosphere', '9cf3a683-ed3d-40e9-b039-7653e4fc9e20')",Molybdenum,"['Mo', 'Mo', 'Mo', 'Mo', 'Mo', 'Mo', 'Mo', 'Mo', 'Mo', 'Mo', 'Mo']","[0.0018408823506656682, 0.0008201659186594493, 4.2275513613533585e-05, 9.468779230479777e-06, 4.6928203656647695e-06, 6.100019112353675e-07, 4.456254977445468e-07, 2.0730948967001637e-07, 1.6982846287090665e-08, 8.030977391469239e-09, 7.555423727323264e-09]",0.002718780888680851
"('ecoinvent-3.4-biosphere', '9ee7f4ab-b826-47ae-8623-e138f944b42e')",Lead,"['Pb', 'Pb', 'Pb', 'Pb', 'Pb', 'Pb', 'Pb', 'Pb', 'Pb', 'Pb', 'Pb', 'Pb', 'Pb']","[1.4276393226772637e-07, 7.516100124864669e-08, 2.2630048409204512e-09, 1.4617394309898315e-09, 1.3873639744815493e-09, 9.627925351041166e-10, 5.469374745000741e-10, 2.283752984708969e-10, 1.450373339972473e-10, 1.1343872970780595e-10, 3.4759330354305877e-11, 1.3759863416496502e-11, 0.0]",2.2508214232831586e-07
"('ecoinvent-3.4-biosphere', '9f69cb8e-51fe-447b-a1ac-4da74de8ebe4')","Nickel, ion","['Ni', 'Ni', 'Ni', 'Ni', 'Ni']","[0.00032930248650120424, 1.2376858782241627e-06, 6.261080022819181e-08, 3.55183351925603e-08, 4.5074327134032834e-10]",0.0003306387522581205
"('ecoinvent-3.4-biosphere', '9f6d9658-e3f7-4c8b-96da-bfec6511ae7d')",Tribufos,['P'],[4.2524413970224486e-17],4.2524413970224486e-17
"('ecoinvent-3.4-biosphere', 'a212914e-f8ba-49eb-9ceb-63e286053f2d')",Ethephon,"['P', 'P', 'P', 'P']","[6.378662095533664e-16, 0.0, 0.0, 0.0]",6.378662095533664e-16
"('ecoinvent-3.4-biosphere', 'a5506f4b-113f-4713-95c3-c819dde6e48b')",Nickel,"['Ni', 'Ni', 'Ni', 'Ni', 'Ni', 'Ni', 'Ni', 'Ni']","[1.739439548943098e-06, 1.331110556652414e-07, 9.177247268312932e-09, 4.162385215934506e-09, 1.0756192210881725e-09, 7.166892429517964e-10, 1.7074232994914234e-10, 0.0]",1.887853287886576e-06
"('ecoinvent-3.4-biosphere', 'a57bf693-7ffa-409d-919c-c806e34a4c67')",Sodium dichromate,['Cr'],[1.3685640757653551e-14],1.3685640757653551e-14
"('ecoinvent-3.4-biosphere', 'a72a45ee-395a-4d25-b893-9d183e43e76e')",Nickel,"['Ni', 'Ni', 'Ni', 'Ni', 'Ni', 'Ni', 'Ni', 'Ni']","[1.739439548943098e-06, 1.331110556652414e-07, 9.177247268312932e-09, 4.162385215934506e-09, 1.0756192210881725e-09, 7.166892429517964e-10, 1.7074232994914234e-10, 0.0]",1.887853287886576e-06
"('ecoinvent-3.4-biosphere', 'a9ec0c9b-982a-4329-99ae-dab1f9fb62d3')",Chromium VI,"['Cr', 'Cr', 'Cr', 'Cr', 'Cr', 'Cr', 'Cr', 'Cr', 'Cr']","[2.8968305404181203e-07, 2.7753125954393126e-08, 1.1769944027995999e-09, 8.267696896741501e-10, 1.0963202416161515e-10, 1.1267916989555344e-11, 1.0441673716193909e-11, 8.885137784530035e-12, 4.6900606915487147e-14]",3.195802177419377e-07
"('ecoinvent-3.4-biosphere', 'abbd3b09-a7ec-435a-9d01-34cf8581739e')",Chromium VI,"['Cr', 'Cr', 'Cr', 'Cr', 'Cr', 'Cr', 'Cr', 'Cr', 'Cr']","[2.8968305404181203e-07, 2.7753125954393126e-08, 1.1769944027995999e-09, 8.267696896741501e-10, 1.0963202416161515e-10, 1.1267916989555344e-11, 1.0441673716193909e-11, 8.885137784530035e-12, 4.6900606915487147e-14]",3.195802177419377e-07
"('ecoinvent-3.4-biosphere', 'ada3ecfe-8244-4389-bcce-e83ca4f66e09')",Zinc,"['Zn', 'Zn', 'Zn', 'Zn', 'Zn', 'Zn', 'Zn', 'Zn']","[1.0652236407115368e-07, 7.488347730633147e-09, 6.048276605328739e-09, 1.6302017706721951e-09, 1.0242592072545443e-09, 7.804846431897625e-10, 4.936951641580841e-10, 0.0]",1.2398762919239016e-07
"('ecoinvent-3.4-biosphere', 'af9793ba-25a1-4928-a14a-4bcf7d5bd3f7')","Silver, ion","['Ag', 'Ag', 'Ag', 'Ag', 'Ag']","[0.0004024307839760653, 0.00017793113936312853, 2.658902655148094e-05, 3.9578510269523656e-06, 1.3291195006713617e-07]",0.0006110417128676941
"('ecoinvent-3.4-biosphere', 'b0546417-3064-4878-bd6f-2da75cefdf63')",Manganese,"['Mn', 'Mn', 'Mn', 'Mn', 'Mn', 'Mn', 'Mn', 'Mn', 'Mn', 'Mn', 'Mn', 'Mn']","[7.544468322121827e-06, 7.644118947449518e-08, 7.345856663954784e-09, 9.41758290562973e-10, 7.68307369734586e-10, 2.561364318165739e-10, 1.662371989660057e-10, 1.452842890936666e-10, 7.771023802961454e-11, 7.152312384651102e-11, 1.9265454674917236e-11, 3.4670668876117727e-12]",7.630705057723888e-06
"('ecoinvent-3.4-biosphere', 'b10faa87-2c1d-4f6e-aa65-9f80b376939a')",Cobalt,"['Co', 'Co', 'Co', 'Co', 'Co', 'Co', 'Co', 'Co', 'Co', 'Co', 'Co', 'Co']","[0.006183580031733296, 2.181090723851185e-05, 1.4021903112423571e-05, 1.3046729752604036e-06, 8.292743500533589e-07, 1.5887946862953625e-07, 1.544320449975484e-07, 2.6945789265606805e-08, 2.659939057609553e-08, 1.4158763014319011e-08, 1.9765351633427608e-09, 8.244198128491982e-10]",0.006221930605821004
"('ecoinvent-3.4-biosphere', 'b1fca66f-8e83-469a-a7b5-018e14d5d545')",Phosphorus,"['P', 'P', 'P', 'P', 'P', 'P', 'P', 'P', 'P', 'P']","[3.317206212804226e-11, 1.5073076202205168e-11, 1.0460920787635983e-11, 8.009430846753942e-12, 1.20952190655227e-12, 7.818113508413968e-13, 2.1457819289366382e-13, 8.262493634413301e-14, 8.245483868825215e-14, 3.784672843349951e-15]",6.909026586280043e-11
"('ecoinvent-3.4-biosphere', 'b2631209-8374-431e-b7d5-56c96c6b6d79')",Phosphorus,"['P', 'P', 'P', 'P', 'P', 'P', 'P', 'P', 'P', 'P']","[3.317206212804226e-11, 1.5073076202205168e-11, 1.0460920787635983e-11, 8.009430846753942e-12, 1.20952190655227e-12, 7.818113508413968e-13, 2.1457819289366382e-13, 8.262493634413301e-14, 8.245483868825215e-14, 3.784672843349951e-15]",6.909026586280043e-11
"('ecoinvent-3.4-biosphere', 'b2dc8668-86de-4207-b20e-dc81dea63c98')",Antimony,"['Sb', 'Sb', 'Sb', 'Sb', 'Sb', 'Sb', 'Sb', 'Sb', 'Sb', 'Sb']","[1.7350017581247708e-05, 5.384088389877791e-06, 2.0977857681716064e-06, 4.6489750761189506e-07, 3.091190759124856e-07, 4.540691344178289e-09, 4.006907602059052e-09, 1.0324450349768164e-09, 2.407092576855955e-10, 2.1439127009195476e-12]",2.561573121997309e-05
"('ecoinvent-3.4-biosphere', 'b3ebdcc3-c588-4997-95d2-9785b26b34e1')",Lead,"['Pb', 'Pb', 'Pb', 'Pb', 'Pb', 'Pb', 'Pb', 'Pb', 'Pb', 'Pb', 'Pb', 'Pb', 'Pb']","[1.4276393226772637e-07, 7.516100124864669e-08, 2.2630048409204512e-09, 1.4617394309898315e-09, 1.3873639744815493e-09, 9.627925351041166e-10, 5.469374745000741e-10, 2.283752984708969e-10, 1.450373339972473e-10, 1.1343872970780595e-10, 3.4759330354305877e-11, 1.3759863416496502e-11, 0.0]",2.2508214232831586e-07
"('ecoinvent-3.4-biosphere', 'b4580545-243d-48d2-a3a0-2633a4f46fb1')",Nickel,"['Ni', 'Ni', 'Ni', 'Ni', 'Ni', 'Ni', 'Ni', 'Ni']","[1.739439548943098e-06, 1.331110556652414e-07, 9.177247268312932e-09, 4.162385215934506e-09, 1.0756192210881725e-09, 7.166892429517964e-10, 1.7074232994914234e-10, 0.0]",1.887853287886576e-06
"('ecoinvent-3.4-biosphere', 'b4f9a201-2a20-4f41-a572-eabc98c75e1b')",Glyphosate,"['P', 'P', 'P', 'P', 'P']","[5.700185070576003e-12, 1.1388038061223608e-13, 6.527497544428636e-14, 0.0, 0.0]",5.8793404266325255e-12
"('ecoinvent-3.4-biosphere', 'b6e2f7f4-6b2e-4b3e-be1f-67626cb8205d')",Phosphorus,"['P', 'P', 'P', 'P', 'P', 'P', 'P', 'P', 'P', 'P']","[3.317206212804226e-11, 1.5073076202205168e-11, 1.0460920787635983e-11, 8.009430846753942e-12, 1.20952190655227e-12, 7.818113508413968e-13, 2.1457819289366382e-13, 8.262493634413301e-14, 8.245483868825215e-14, 3.784672843349951e-15]",6.909026586280043e-11
"('ecoinvent-3.4-biosphere', 'b6ecaa32-6ab5-4060-b641-45a2bf7beded')",Dichromate,"['Cr', 'Cr']","[1.5656373026672478e-12, 1.5784665413735273e-14]",1.581421968080983e-12
"('ecoinvent-3.4-biosphere', 'b7a0a14a-b0b2-4aeb-923f-5c2ec1251dd5')",Glufosinate,['P'],[2.976708977915712e-16],2.976708977915712e-16
"('ecoinvent-3.4-biosphere', 'b88999ec-84fd-462d-9dec-7e20a4636a58')",Zinc,"['Zn', 'Zn', 'Zn', 'Zn', 'Zn', 'Zn', 'Zn', 'Zn']","[1.0652236407115368e-07, 7.488347730633147e-09, 6.048276605328739e-09, 1.6302017706721951e-09, 1.0242592072545443e-09, 7.804846431897625e-10, 4.936951641580841e-10, 0.0]",1.2398762919239016e-07
"('ecoinvent-3.4-biosphere', 'bd02a7ec-dcb5-4609-bc96-cc7a96601ce2')",Glyphosate,"['P', 'P', 'P', 'P', 'P']","[5.700185070576003e-12, 1.1388038061223608e-13, 6.527497544428636e-14, 0.0, 0.0]",5.8793404266325255e-12
"('ecoinvent-3.4-biosphere', 'bdce3a7c-e008-4391-be26-285f71a02453')","Zinc, ion","['Zn', 'Zn', 'Zn', 'Zn', 'Zn']","[1.3789901159394141e-05, 4.963859993587741e-08, 1.1581709781567576e-08, 6.881042023626401e-09, 2.381397146612886e-09]",1.3860383908281826e-05
"('ecoinvent-3.4-biosphere', 'c126f8a0-6bc4-42e6-9220-d6ccfef3f2ed')",Molybdenum,"['Mo', 'Mo', 'Mo', 'Mo', 'Mo', 'Mo', 'Mo', 'Mo', 'Mo', 'Mo', 'Mo']","[0.0018408823506656682, 0.0008201659186594493, 4.2275513613533585e-05, 9.468779230479777e-06, 4.6928203656647695e-06, 6.100019112353675e-07, 4.456254977445468e-07, 2.0730948967001637e-07, 1.6982846287090665e-08, 8.030977391469239e-09, 7.555423727323264e-09]",0.002718780888680851
"('ecoinvent-3.4-biosphere', 'c26d4716-ce1e-43da-a662-cd9498b1e8bc')",Molybdenum,"['Mo', 'Mo', 'Mo', 'Mo', 'Mo', 'Mo', 'Mo', 'Mo', 'Mo', 'Mo', 'Mo']","[0.0018408823506656682, 0.0008201659186594493, 4.2275513613533585e-05, 9.468779230479777e-06, 4.6928203656647695e-06, 6.100019112353675e-07, 4.456254977445468e-07, 2.0730948967001637e-07, 1.6982846287090665e-08, 8.030977391469239e-09, 7.555423727323264e-09]",0.002718780888680851
"('ecoinvent-3.4-biosphere', 'c2e854f9-fe22-4fe7-9083-cf6d0a8c7254')",Chromium VI,"['Cr', 'Cr', 'Cr', 'Cr', 'Cr', 'Cr', 'Cr', 'Cr', 'Cr']","[2.8968305404181203e-07, 2.7753125954393126e-08, 1.1769944027995999e-09, 8.267696896741501e-10, 1.0963202416161515e-10, 1.1267916989555344e-11, 1.0441673716193909e-11, 8.885137784530035e-12, 4.6900606915487147e-14]",3.195802177419377e-07
"('ecoinvent-3.4-biosphere', 'c3b659e5-35f1-408c-8cb5-b5f9b295c76e')","Copper, ion","['Cu', 'Cu', 'Cu', 'Cu', 'Cu']","[6.0885771087879024e-05, 9.180887491964934e-08, 2.440716126138075e-08, 1.729148554721702e-08, 1.1301586734208042e-09]",6.1020408768280694e-05
"('ecoinvent-3.4-biosphere', 'c44b0e3b-e65e-4276-aa1f-3db768757b66')","Lithium, ion","['Li', 'Li']","[0.05049397106123491, 2.743533433378834e-08]",0.05049399849656924
"('ecoinvent-3.4-biosphere', 'c49fb4cd-eed0-4438-9052-9612473cdbae')",Antimony,"['Sb', 'Sb', 'Sb', 'Sb', 'Sb', 'Sb', 'Sb', 'Sb', 'Sb', 'Sb']","[1.7350017581247708e-05, 5.384088389877791e-06, 2.0977857681716064e-06, 4.6489750761189506e-07, 3.091190759124856e-07, 4.540691344178289e-09, 4.006907602059052e-09, 1.0324450349768164e-09, 2.407092576855955e-10, 2.1439127009195476e-12]",2.561573121997309e-05
"('ecoinvent-3.4-biosphere', 'c58d25ad-30d2-4fac-a857-1fa6f67afe8a')",Cobalt,"['Co', 'Co', 'Co', 'Co', 'Co', 'Co', 'Co', 'Co', 'Co', 'Co', 'Co', 'Co']","[0.006183580031733296, 2.181090723851185e-05, 1.4021903112423571e-05, 1.3046729752604036e-06, 8.292743500533589e-07, 1.5887946862953625e-07, 1.544320449975484e-07, 2.6945789265606805e-08, 2.659939057609553e-08, 1.4158763014319011e-08, 1.9765351633427608e-09, 8.244198128491982e-10]",0.006221930605821004
"('ecoinvent-3.4-biosphere', 'c6462d84-caa9-425a-a923-45238690c6f3')",Silver,"['Ag', 'Ag', 'Ag', 'Ag', 'Ag', 'Ag']","[8.158053664904727e-07, 6.464874619091479e-09, 5.737038128757659e-09, 4.2316947779648454e-09, 3.2632329390021228e-09, 0.0]",8.355022069552889e-07
"('ecoinvent-3.4-biosphere', 'c67e3ba8-ddce-4931-b4b0-f4f9a56ccf40')",Tin,"['Sn', 'Sn', 'Sn', 'Sn', 'Sn']","[7.762840641987719e-08, 2.8062916589896724e-08, 1.2171718454475737e-09, 6.865384176641438e-10, 7.610135346169052e-11]",1.0767113462634731e-07
"('ecoinvent-3.4-biosphere', 'c864aa15-0abc-41ad-9889-348106e485d8')",Lead,"['Pb', 'Pb', 'Pb', 'Pb', 'Pb', 'Pb', 'Pb', 'Pb', 'Pb', 'Pb', 'Pb', 'Pb', 'Pb']","[1.4276393226772637e-07, 7.516100124864669e-08, 2.2630048409204512e-09, 1.4617394309898315e-09, 1.3873639744815493e-09, 9.627925351041166e-10, 5.469374745000741e-10, 2.283752984708969e-10, 1.450373339972473e-10, 1.1343872970780595e-10, 3.4759330354305877e-11, 1.3759863416496502e-11, 0.0]",2.2508214232831586e-07
"('ecoinvent-3.4-biosphere', 'c8791f3c-3c4a-4278-91c0-483797d14da2')",Phosphate,"['P', 'P', 'P', 'P', 'P']","[6.890379623909851e-07, 9.551994636804205e-08, 4.017153814213599e-11, 5.599869978022432e-12, 0.0]",7.846036801671472e-07
"('ecoinvent-3.4-biosphere', 'c89873de-cd23-4323-a948-f5cfeebd2fc9')",Nickel,"['Ni', 'Ni', 'Ni', 'Ni', 'Ni', 'Ni', 'Ni', 'Ni']","[1.739439548943098e-06, 1.331110556652414e-07, 9.177247268312932e-09, 4.162385215934506e-09, 1.0756192210881725e-09, 7.166892429517964e-10, 1.7074232994914234e-10, 0.0]",1.887853287886576e-06
"('ecoinvent-3.4-biosphere', 'c89a0749-40a5-4c9c-8770-c4295ea34977')",Phosphorus,"['P', 'P', 'P', 'P', 'P', 'P', 'P', 'P', 'P', 'P']","[3.317206212804226e-11, 1.5073076202205168e-11, 1.0460920787635983e-11, 8.009430846753942e-12, 1.20952190655227e-12, 7.818113508413968e-13, 2.1457819289366382e-13, 8.262493634413301e-14, 8.245483868825215e-14, 3.784672843349951e-15]",6.909026586280043e-11
"('ecoinvent-3.4-biosphere', 'c91fd4bf-ed70-4e2f-a34f-159773f981b6')",Manganese,"['Mn', 'Mn', 'Mn', 'Mn', 'Mn', 'Mn', 'Mn', 'Mn', 'Mn', 'Mn', 'Mn', 'Mn']","[7.544468322121827e-06, 7.644118947449518e-08, 7.345856663954784e-09, 9.41758290562973e-10, 7.68307369734586e-10, 2.561364318165739e-10, 1.662371989660057e-10, 1.452842890936666e-10, 7.771023802961454e-11, 7.152312384651102e-11, 1.9265454674917236e-11, 3.4670668876117727e-12]",7.630705057723888e-06
"('ecoinvent-3.4-biosphere', 'ca04300a-8338-4601-ba7c-66c10a4f6322')",Cobalt,"['Co', 'Co', 'Co', 'Co', 'Co', 'Co', 'Co', 'Co', 'Co', 'Co', 'Co', 'Co']","[0.006183580031733296, 2.181090723851185e-05, 1.4021903112423571e-05, 1.3046729752604036e-06, 8.292743500533589e-07, 1.5887946862953625e-07, 1.544320449975484e-07, 2.6945789265606805e-08, 2.659939057609553e-08, 1.4158763014319011e-08, 1.9765351633427608e-09, 8.244198128491982e-10]",0.006221930605821004
"('ecoinvent-3.4-biosphere', 'cab8d859-018a-4919-9324-f3febdea35e0')",Profenofos,['P'],[8.504882794044895e-17],8.504882794044895e-17
"('ecoinvent-3.4-biosphere', 'caf066cf-40ce-47a8-ba4c-969fcd6019c7')",Cobalt,"['Co', 'Co', 'Co', 'Co', 'Co', 'Co', 'Co', 'Co', 'Co', 'Co', 'Co', 'Co']","[0.006183580031733296, 2.181090723851185e-05, 1.4021903112423571e-05, 1.3046729752604036e-06, 8.292743500533589e-07, 1.5887946862953625e-07, 1.544320449975484e-07, 2.6945789265606805e-08, 2.659939057609553e-08, 1.4158763014319011e-08, 1.9765351633427608e-09, 8.244198128491982e-10]",0.006221930605821004
"('ecoinvent-3.4-biosphere', 'cdcdbfc9-3d5f-4e78-8033-8dbecbb2cfec')",Acephate,"['P', 'P']","[1.403305661017404e-15, 1.7009765588089787e-16]",1.573403316898302e-15
"('ecoinvent-3.4-biosphere', 'cf88e72e-13bc-416c-ac41-7d4b24bda86a')","Lithium, ion","['Li', 'Li']","[0.05049397106123491, 2.743533433378834e-08]",0.05049399849656924
"('ecoinvent-3.4-biosphere', 'd26099e9-c6bc-4d7f-a0bd-29c884965ba5')",Dichromate,"['Cr', 'Cr']","[1.5656373026672478e-12, 1.5784665413735273e-14]",1.581421968080983e-12
"('ecoinvent-3.4-biosphere', 'd4291dd5-dae8-47fa-bf06-466fcecbc210')",Cobalt,"['Co', 'Co', 'Co', 'Co', 'Co', 'Co', 'Co', 'Co', 'Co', 'Co', 'Co', 'Co']","[0.006183580031733296, 2.181090723851185e-05, 1.4021903112423571e-05, 1.3046729752604036e-06, 8.292743500533589e-07, 1.5887946862953625e-07, 1.544320449975484e-07, 2.6945789265606805e-08, 2.659939057609553e-08, 1.4158763014319011e-08, 1.9765351633427608e-09, 8.244198128491982e-10]",0.006221930605821004
"('ecoinvent-3.4-biosphere', 'd5c40848-fc29-47fa-90a4-46db64a45a4e')","Tin, ion","['Sn', 'Sn', 'Sn', 'Sn']","[3.975939701484115e-06, 2.2631282698047247e-08, 4.9318602590647365e-09, 4.837261737807465e-09]",4.008340106179035e-06
"('ecoinvent-3.4-biosphere', 'd761f94e-517d-41cf-89fa-17dc72f7a69b')",Phosphorus,"['P', 'P', 'P', 'P', 'P', 'P', 'P', 'P', 'P', 'P']","[3.317206212804226e-11, 1.5073076202205168e-11, 1.0460920787635983e-11, 8.009430846753942e-12, 1.20952190655227e-12, 7.818113508413968e-13, 2.1457819289366382e-13, 8.262493634413301e-14, 8.245483868825215e-14, 3.784672843349951e-15]",6.909026586280043e-11
"('ecoinvent-3.4-biosphere', 'd8f9ccf6-fd32-4348-83c0-1cee724af9ae')","Copper, ion","['Cu', 'Cu', 'Cu', 'Cu', 'Cu']","[6.0885771087879024e-05, 9.180887491964934e-08, 2.440716126138075e-08, 1.729148554721702e-08, 1.1301586734208042e-09]",6.1020408768280694e-05
"('ecoinvent-3.4-biosphere', 'd96403bf-902e-4b7a-8ffd-32fe09e4017f')",Aluminium,"['Al', 'Al', 'Al', 'Al', 'Al', 'Al', 'Al', 'Al', 'Al', 'Al', 'Al', 'Al']","[0.011590069725117346, 0.0002892720902397664, 1.6633506233844874e-05, 4.518590688469237e-06, 2.729972908598881e-06, 1.407404954512606e-06, 9.151723171562602e-07, 9.05289587078006e-07, 2.297598096483282e-07, 1.6988168283719987e-07, 4.796143817381787e-09, 3.135684252306715e-09]",0.011906859325367327
"('ecoinvent-3.4-biosphere', 'd98f0ec0-bf19-4c90-a457-a8593dec497f')","Chromium, ion","['Cr', 'Cr', 'Cr', 'Cr']","[3.7142818893722613e-10, 5.417888254332425e-11, 2.564799906261022e-11, 1.0120321437469016e-11]",4.6137539198062964e-10
"('ecoinvent-3.4-biosphere', 'd9c23a8d-e7bf-4f70-8d22-b9ad8a653204')","Chromium, ion","['Cr', 'Cr', 'Cr', 'Cr']","[3.7142818893722613e-10, 5.417888254332425e-11, 2.564799906261022e-11, 1.0120321437469016e-11]",4.6137539198062964e-10
"('ecoinvent-3.4-biosphere', 'dd7748c9-be28-4c89-b8b1-ed5ac14599a2')",Malathion,['P'],[3.8271972573202e-16],3.8271972573202e-16
"('ecoinvent-3.4-biosphere', 'e030108f-2125-4bcb-a73b-ad72130fcca3')","Nickel, ion","['Ni', 'Ni', 'Ni', 'Ni', 'Ni']","[0.00032930248650120424, 1.2376858782241627e-06, 6.261080022819181e-08, 3.55183351925603e-08, 4.5074327134032834e-10]",0.0003306387522581205
"('ecoinvent-3.4-biosphere', 'e0336c9b-a0ff-4ae3-b8bb-ca1e46bbbc11')",Chromium,"['Cr', 'Cr', 'Cr', 'Cr', 'Cr', 'Cr', 'Cr']","[8.731665085889396e-09, 1.0182293038216205e-10, 1.0064855127619413e-10, 5.208076466665703e-11, 2.4004882562108606e-11, 4.068296003966836e-12, 0.0]",9.014290510780483e-09
"('ecoinvent-3.4-biosphere', 'e0401210-0377-4670-84af-12247ca20bed')",Aluminium,"['Al', 'Al', 'Al', 'Al', 'Al', 'Al', 'Al', 'Al', 'Al', 'Al', 'Al', 'Al']","[0.011590069725117346, 0.0002892720902397664, 1.6633506233844874e-05, 4.518590688469237e-06, 2.729972908598881e-06, 1.407404954512606e-06, 9.151723171562602e-07, 9.05289587078006e-07, 2.297598096483282e-07, 1.6988168283719987e-07, 4.796143817381787e-09, 3.135684252306715e-09]",0.011906859325367327
"('ecoinvent-3.4-biosphere', 'e070bd24-fd16-4963-8f4d-78bb4c402400')",Tin,"['Sn', 'Sn', 'Sn', 'Sn', 'Sn']","[7.762840641987719e-08, 2.8062916589896724e-08, 1.2171718454475737e-09, 6.865384176641438e-10, 7.610135346169052e-11]",1.0767113462634731e-07
"('ecoinvent-3.4-biosphere', 'e142b577-e934-4085-9a07-3983d4d92afb')",Chromium,"['Cr', 'Cr', 'Cr', 'Cr', 'Cr', 'Cr', 'Cr']","[8.731665085889396e-09, 1.0182293038216205e-10, 1.0064855127619413e-10, 5.208076466665703e-11, 2.4004882562108606e-11, 4.068296003966836e-12, 0.0]",9.014290510780483e-09
"('ecoinvent-3.4-biosphere', 'e157e3dd-88b9-4256-ab2e-ff82e7b8d088')",Glyphosate,"['P', 'P', 'P', 'P', 'P']","[5.700185070576003e-12, 1.1388038061223608e-13, 6.527497544428636e-14, 0.0, 0.0]",5.8793404266325255e-12
"('ecoinvent-3.4-biosphere', 'e2d35af7-9806-46ff-9b75-b124a48fa5a1')",Phosphorus,"['P', 'P', 'P', 'P', 'P', 'P', 'P', 'P', 'P', 'P']","[3.317206212804226e-11, 1.5073076202205168e-11, 1.0460920787635983e-11, 8.009430846753942e-12, 1.20952190655227e-12, 7.818113508413968e-13, 2.1457819289366382e-13, 8.262493634413301e-14, 8.245483868825215e-14, 3.784672843349951e-15]",6.909026586280043e-11
"('ecoinvent-3.4-biosphere', 'e336eee7-148a-4d1c-8027-780cbfafa12b')",Copper,"['Cu', 'Cu', 'Cu', 'Cu', 'Cu', 'Cu', 'Cu', 'Cu']","[7.455359213936176e-07, 2.2529905318182514e-07, 2.9215393428321582e-08, 1.879239637232533e-08, 1.3453985352244406e-08, 3.223207972725828e-09, 1.8003823172714793e-10, 0.0]",1.035699995932787e-06
"('ecoinvent-3.4-biosphere', 'e34d3da4-a3d5-41be-84b5-458afe32c990')","Chromium, ion","['Cr', 'Cr', 'Cr', 'Cr']","[3.7142818893722613e-10, 5.417888254332425e-11, 2.564799906261022e-11, 1.0120321437469016e-11]",4.6137539198062964e-10
"('ecoinvent-3.4-biosphere', 'e43a270f-4f88-4789-a0b8-7aba56677743')",Nickel,"['Ni', 'Ni', 'Ni', 'Ni', 'Ni', 'Ni', 'Ni', 'Ni']","[1.739439548943098e-06, 1.331110556652414e-07, 9.177247268312932e-09, 4.162385215934506e-09, 1.0756192210881725e-09, 7.166892429517964e-10, 1.7074232994914234e-10, 0.0]",1.887853287886576e-06
"('ecoinvent-3.4-biosphere', 'e65a9c58-21f1-48b6-b738-d05a8f10e5f3')",Chromium,"['Cr', 'Cr', 'Cr', 'Cr', 'Cr', 'Cr', 'Cr']","[8.731665085889396e-09, 1.0182293038216205e-10, 1.0064855127619413e-10, 5.208076466665703e-11, 2.4004882562108606e-11, 4.068296003966836e-12, 0.0]",9.014290510780483e-09
"('ecoinvent-3.4-biosphere', 'e732d6dc-d502-4e03-8a5e-6c2644136b5f')",Ethephon,"['P', 'P', 'P', 'P']","[6.378662095533664e-16, 0.0, 0.0, 0.0]",6.378662095533664e-16
"('ecoinvent-3.4-biosphere', 'e7881581-21b3-4f5c-bd63-6b0684b5e712')",Chromium,"['Cr', 'Cr', 'Cr', 'Cr', 'Cr', 'Cr', 'Cr']","[8.731665085889396e-09, 1.0182293038216205e-10, 1.0064855127619413e-10, 5.208076466665703e-11, 2.4004882562108606e-11, 4.068296003966836e-12, 0.0]",9.014290510780483e-09
"('ecoinvent-3.4-biosphere', 'e8fc62ba-678e-4706-97d2-b79d83e227d5')",Nickel,"['Ni', 'Ni', 'Ni', 'Ni', 'Ni', 'Ni', 'Ni', 'Ni']","[1.739439548943098e-06, 1.331110556652414e-07, 9.177247268312932e-09, 4.162385215934506e-09, 1.0756192210881725e-09, 7.166892429517964e-10, 1.7074232994914234e-10, 0.0]",1.887853287886576e-06
"('ecoinvent-3.4-biosphere', 'e98084d6-88a2-48cf-9ad5-6462fe9cf857')","Lithium, ion","['Li', 'Li']","[0.05049397106123491, 2.743533433378834e-08]",0.05049399849656924
"('ecoinvent-3.4-biosphere', 'e9e856c2-868e-435e-8425-8df1c9297cfc')",Lead,"['Pb', 'Pb', 'Pb', 'Pb', 'Pb', 'Pb', 'Pb', 'Pb', 'Pb', 'Pb', 'Pb', 'Pb', 'Pb']","[1.4276393226772637e-07, 7.516100124864669e-08, 2.2630048409204512e-09, 1.4617394309898315e-09, 1.3873639744815493e-09, 9.627925351041166e-10, 5.469374745000741e-10, 2.283752984708969e-10, 1.450373339972473e-10, 1.1343872970780595e-10, 3.4759330354305877e-11, 1.3759863416496502e-11, 0.0]",2.2508214232831586e-07
"('ecoinvent-3.4-biosphere', 'ea4e9316-5080-4b3b-bbf3-1949f6d7577a')",Phosphorus,"['P', 'P', 'P', 'P', 'P', 'P', 'P', 'P', 'P', 'P']","[3.317206212804226e-11, 1.5073076202205168e-11, 1.0460920787635983e-11, 8.009430846753942e-12, 1.20952190655227e-12, 7.818113508413968e-13, 2.1457819289366382e-13, 8.262493634413301e-14, 8.245483868825215e-14, 3.784672843349951e-15]",6.909026586280043e-11
"('ecoinvent-3.4-biosphere', 'eb2bfdf1-1881-40e8-bebb-d674b2a79149')","Lithium, ion","['Li', 'Li']","[0.05049397106123491, 2.743533433378834e-08]",0.05049399849656924
"('ecoinvent-3.4-biosphere', 'ebb88ef4-50ab-4e3b-9251-c5fcdf6b4768')",Silver,"['Ag', 'Ag', 'Ag', 'Ag', 'Ag', 'Ag']","[8.158053664904727e-07, 6.464874619091479e-09, 5.737038128757659e-09, 4.2316947779648454e-09, 3.2632329390021228e-09, 0.0]",8.355022069552889e-07
"('ecoinvent-3.4-biosphere', 'ec8144d6-d123-43b1-9c17-a295422a0498')",Copper,"['Cu', 'Cu', 'Cu', 'Cu', 'Cu', 'Cu', 'Cu', 'Cu']","[7.455359213936176e-07, 2.2529905318182514e-07, 2.9215393428321582e-08, 1.879239637232533e-08, 1.3453985352244406e-08, 3.223207972725828e-09, 1.8003823172714793e-10, 0.0]",1.035699995932787e-06
"('ecoinvent-3.4-biosphere', 'ef475b50-9cd0-4e7c-9c59-07868fe16e91')",Chromium VI,"['Cr', 'Cr', 'Cr', 'Cr', 'Cr', 'Cr', 'Cr', 'Cr', 'Cr']","[2.8968305404181203e-07, 2.7753125954393126e-08, 1.1769944027995999e-09, 8.267696896741501e-10, 1.0963202416161515e-10, 1.1267916989555344e-11, 1.0441673716193909e-11, 8.885137784530035e-12, 4.6900606915487147e-14]",3.195802177419377e-07
"('ecoinvent-3.4-biosphere', 'f0d1c319-249f-4a89-b0e7-3a5a90a54036')",Cobalt,"['Co', 'Co', 'Co', 'Co', 'Co', 'Co', 'Co', 'Co', 'Co', 'Co', 'Co', 'Co']","[0.006183580031733296, 2.181090723851185e-05, 1.4021903112423571e-05, 1.3046729752604036e-06, 8.292743500533589e-07, 1.5887946862953625e-07, 1.544320449975484e-07, 2.6945789265606805e-08, 2.659939057609553e-08, 1.4158763014319011e-08, 1.9765351633427608e-09, 8.244198128491982e-10]",0.006221930605821004
"('ecoinvent-3.4-biosphere', 'f0e28a62-ddf9-4c93-af81-676a58c3f2d4')",Cobalt,"['Co', 'Co', 'Co', 'Co', 'Co', 'Co', 'Co', 'Co', 'Co', 'Co', 'Co', 'Co']","[0.006183580031733296, 2.181090723851185e-05, 1.4021903112423571e-05, 1.3046729752604036e-06, 8.292743500533589e-07, 1.5887946862953625e-07, 1.544320449975484e-07, 2.6945789265606805e-08, 2.659939057609553e-08, 1.4158763014319011e-08, 1.9765351633427608e-09, 8.244198128491982e-10]",0.006221930605821004
"('ecoinvent-3.4-biosphere', 'f4cf8d5c-f030-4b55-a3af-e3c20b855ee8')",Antimony,"['Sb', 'Sb', 'Sb', 'Sb', 'Sb', 'Sb', 'Sb', 'Sb', 'Sb', 'Sb']","[1.7350017581247708e-05, 5.384088389877791e-06, 2.0977857681716064e-06, 4.6489750761189506e-07, 3.091190759124856e-07, 4.540691344178289e-09, 4.006907602059052e-09, 1.0324450349768164e-09, 2.407092576855955e-10, 2.1439127009195476e-12]",2.561573121997309e-05
"('ecoinvent-3.4-biosphere', 'f532985c-90b7-46fc-aac9-b039b40e22f1')",Manganese,"['Mn', 'Mn', 'Mn', 'Mn', 'Mn', 'Mn', 'Mn', 'Mn', 'Mn', 'Mn', 'Mn', 'Mn']","[7.544468322121827e-06, 7.644118947449518e-08, 7.345856663954784e-09, 9.41758290562973e-10, 7.68307369734586e-10, 2.561364318165739e-10, 1.662371989660057e-10, 1.452842890936666e-10, 7.771023802961454e-11, 7.152312384651102e-11, 1.9265454674917236e-11, 3.4670668876117727e-12]",7.630705057723888e-06
"('ecoinvent-3.4-biosphere', 'f563b90e-a300-4403-b278-d2fdcd73e5a7')",Tin,"['Sn', 'Sn', 'Sn', 'Sn', 'Sn']","[7.762840641987719e-08, 2.8062916589896724e-08, 1.2171718454475737e-09, 6.865384176641438e-10, 7.610135346169052e-11]",1.0767113462634731e-07
"('ecoinvent-3.4-biosphere', 'f5e7e615-4160-4df9-b39b-7463eaed77c7')",Phosphorus,"['P', 'P', 'P', 'P', 'P', 'P', 'P', 'P', 'P', 'P']","[3.317206212804226e-11, 1.5073076202205168e-11, 1.0460920787635983e-11, 8.009430846753942e-12, 1.20952190655227e-12, 7.818113508413968e-13, 2.1457819289366382e-13, 8.262493634413301e-14, 8.245483868825215e-14, 3.784672843349951e-15]",6.909026586280043e-11
"('ecoinvent-3.4-biosphere', 'f714e13b-86ef-4cd2-8248-2495f1a2d2e4')",Sodium dichromate,['Cr'],[1.3685640757653551e-14],1.3685640757653551e-14
"('ecoinvent-3.4-biosphere', 'f73177d8-5e57-4f0d-ba34-6889cfdfed40')","Tin, ion","['Sn', 'Sn', 'Sn', 'Sn']","[3.975939701484115e-06, 2.2631282698047247e-08, 4.9318602590647365e-09, 4.837261737807465e-09]",4.008340106179035e-06
"('ecoinvent-3.4-biosphere', 'fa39136e-1ef6-43c1-af68-104da104568d')",Antimony,"['Sb', 'Sb', 'Sb', 'Sb', 'Sb', 'Sb', 'Sb', 'Sb', 'Sb', 'Sb']","[1.7350017581247708e-05, 5.384088389877791e-06, 2.0977857681716064e-06, 4.6489750761189506e-07, 3.091190759124856e-07, 4.540691344178289e-09, 4.006907602059052e-09, 1.0324450349768164e-09, 2.407092576855955e-10, 2.1439127009195476e-12]",2.561573121997309e-05
"('ecoinvent-3.4-biosphere', 'fce0b9ae-53c8-4ab0-9e7a-7f5c2ed2c856')",Silver,"['Ag', 'Ag', 'Ag', 'Ag', 'Ag', 'Ag']","[8.158053664904727e-07, 6.464874619091479e-09, 5.737038128757659e-09, 4.2316947779648454e-09, 3.2632329390021228e-09, 0.0]",8.355022069552889e-07
"('ecoinvent-3.4-biosphere', 'fd153f15-1d16-410a-91fa-04d205e36c43')",Copper,"['Cu', 'Cu', 'Cu', 'Cu', 'Cu', 'Cu', 'Cu', 'Cu']","[7.455359213936176e-07, 2.2529905318182514e-07, 2.9215393428321582e-08, 1.879239637232533e-08, 1.3453985352244406e-08, 3.223207972725828e-09, 1.8003823172714793e-10, 0.0]",1.035699995932787e-06
"('ecoinvent-3.4-biosphere', 'fdaaef05-0d10-4032-b2e7-85cae3c7bd5c')",Molybdenum,"['Mo', 'Mo', 'Mo', 'Mo', 'Mo', 'Mo', 'Mo', 'Mo', 'Mo', 'Mo', 'Mo']","[0.0018408823506656682, 0.0008201659186594493, 4.2275513613533585e-05, 9.468779230479777e-06, 4.6928203656647695e-06, 6.100019112353675e-07, 4.456254977445468e-07, 2.0730948967001637e-07, 1.6982846287090665e-08, 8.030977391469239e-09, 7.555423727323264e-09]",0.002718780888680851
"('ecoinvent-3.4-biosphere', 'fe4613d7-1ed8-427d-9b06-c8e8f4f5e1b1')",Lead,"['Pb', 'Pb', 'Pb', 'Pb', 'Pb', 'Pb', 'Pb', 'Pb', 'Pb', 'Pb', 'Pb', 'Pb', 'Pb']","[1.4276393226772637e-07, 7.516100124864669e-08, 2.2630048409204512e-09, 1.4617394309898315e-09, 1.3873639744815493e-09, 9.627925351041166e-10, 5.469374745000741e-10, 2.283752984708969e-10, 1.450373339972473e-10, 1.1343872970780595e-10, 3.4759330354305877e-11, 1.3759863416496502e-11, 0.0]",2.2508214232831586e-07
"('ecoinvent-3.4-biosphere', 'ff5b7e31-3118-40f5-9b82-f65018442d77')",Dichromate,"['Cr', 'Cr']","[1.5656373026672478e-12, 1.5784665413735273e-14]",1.581421968080983e-12
"('ecoinvent-3.4-biosphere', 'ff65658c-2d39-44a2-b23e-7ec3c644f064')",Aluminium,"['Al', 'Al', 'Al', 'Al', 'Al', 'Al', 'Al', 'Al', 'Al', 'Al', 'Al', 'Al']","[0.011590069725117346, 0.0002892720902397664, 1.6633506233844874e-05, 4.518590688469237e-06, 2.729972908598881e-06, 1.407404954512606e-06, 9.151723171562602e-07, 9.05289587078006e-07, 2.297598096483282e-07, 1.6988168283719987e-07, 4.796143817381787e-09, 3.135684252306715e-09]",0.011906859325367327
