Flow_Name,Flow_Key,Metal,Delta_g_Total,Delta_g_Metal,Metal_Fraction,CF_Metal,CF_Total,Mineral,f_mineral_me,Delta_g_Mineral,Mineral_Fraction,CF_Mineral,xi_Mineral,xf_Mineral
"Clay, unspecified, in ground","('ecoinvent-3.4-biosphere', 'f7519ca9-5ffc-41c3-a33e-806da82cfc0e')",Al,2.82310965919092e-06,2.82310965919092e-06,0.33300833076211045,2.1387582178228573e-14,2.1387582178228573e-14,Bauxite (Gibbsite),2.8930041152263373,8.167267861774555e-06,0.9633944712994388,6.187436325635673e-14,0.08399573257467995,0.08398756530681817
"Iron, 46% in ore, 25% in crude ore, in ground","('ecoinvent-3.4-biosphere', 'f77aacc3-2c22-4bda-99ab-fe1110a1b891')",Fe,1.1243998723185775e-06,1.1243998723185775e-06,0.25,2.4113064559169056e-15,2.4113064559169056e-15,Hematite,1.0,1.1243998723185775e-06,0.25,2.4113064559169056e-15,0.73,0.7299988756001277
"Aluminium, in ground","('ecoinvent-3.4-biosphere', 'a45cd247-3532-4e27-bddc-b519fdb5e08f')",Al,6.527900126627539e-07,6.527900126627539e-07,0.703,4.5150432834172855e-14,4.5150432834172855e-14,Bauxite (Gibbsite),2.8930041152263373,1.888524193012e-06,2.033781893004115,1.3062038799351242e-13,0.08399573257467995,0.08399384405048693
"Chromium, 25.5% in chromite, 11.6% in crude ore, in ground","('ecoinvent-3.4-biosphere', 'ef6dd09f-bddc-49b4-a207-dbaec2f07bb5')",Cr,4.4964894523498964e-07,4.4964894523498964e-07,0.11599999999999999,3.62831911250983e-14,3.62831911250983e-14,Chromite,2.152027027027027,9.676566828198932e-07,0.24963513513513513,7.808240792799871e-14,0.13754474097331237,0.13754377331662956
"Clay, bentonite, in ground","('ecoinvent-3.4-biosphere', '93806a54-46f5-409c-99c5-4144a1e73b5d')",Al,2.2970138555313122e-07,2.2970138555313122e-07,0.33300833076211045,2.1387582178228573e-14,2.1387582178228573e-14,Bauxite (Gibbsite),2.8930041152263373,6.645270536784002e-07,0.9633944712994388,6.187436325635673e-14,0.08399573257467995,0.08399506804762627
"Uranium, in ground","('ecoinvent-3.4-biosphere', '2ba5e39b-adb6-4767-a51d-90c1cf32fe98')",U,5.0372798734369074e-08,5.0372798734369074e-08,0.00318,2.9111115633007054e-14,2.9111115633007054e-14,Uraninite,0.954954954954955,4.810375374633443e-08,0.003036756756756757,2.7799804118006737e-14,0.0034870754716981134,0.003487027367944367
"Manganese, 35.7% in sedimentary deposit, 14.2% in crude ore, in ground","('ecoinvent-3.4-biosphere', '9f9f1f14-6eee-4067-b4a5-80e75fc7b295')",Mn,3.128903715370243e-08,3.128903715370243e-08,0.142,9.208711405593519e-15,9.208711405593519e-15,Pyrolusite,1.5822784810126582,4.950797017990891e-08,0.22468354430379744,1.4570745894926453e-14,0.199712,0.19971195049202983
"Nickel, 1.98% in silicates, 1.04% in crude ore, in ground","('ecoinvent-3.4-biosphere', 'e47e4e5f-6528-413d-a8fb-1cd1875fbd73')",Ni,7.328770746002227e-09,7.328770746002227e-09,0.0104,9.429411356021909e-16,9.429411356021909e-16,Pentlandite(sulphides) / Garnierite(laterites),2.9342028985507245,2.150410036573349e-08,0.030515710144927533,2.7667806132466603e-15,0.00509049773755656,0.0050904762334561945
"Zinc, 9.0% in sulfide, Zn 5.3%, Pb, Ag, Cd, In, in ground","('ecoinvent-3.4-biosphere', '3faef344-9e52-47a3-a317-e17b824cc540')",Zn,4.83160893920924e-09,4.83160893920924e-09,0.053,5.743385675227064e-15,5.743385675227064e-15,Sphalerite,1.4901477832512315,7.199811350299483e-09,0.07897783251231527,8.558493432296486e-15,0.02724561983471074,0.02724561263489939
"Lead, 5.0% in sulfide, Pb 3.0%, Zn, Ag, Cd, In, in ground","('ecoinvent-3.4-biosphere', '4f701354-38fd-40b0-8c90-4c1df36ec45a')",Pb,1.6610524067989324e-09,1.6610524067989324e-09,0.03,3.556576412416334e-15,3.556576412416334e-15,Galena,1.1560975609756097,1.9203386361529118e-09,0.03468292682926829,4.111749315817908e-15,0.017732067510548524,0.01773206559020989
"Kaolinite, 24% in crude ore, in ground","('ecoinvent-3.4-biosphere', 'ee540366-b970-46af-94d8-4c253ded5577')",Al,9.932824896788815e-10,9.932824896788815e-10,0.05016795785559342,3.22205549301079e-15,3.22205549301079e-15,Bauxite (Gibbsite),2.8930041152263373,2.873570330223266e-09,0.1451361085287332,9.321419800767841e-15,0.08399573257467995,0.08399572970110962
"Phosphorus, 18% in apatite, 4% in crude ore, in ground","('ecoinvent-3.4-biosphere', '9a7380d1-6e23-48ad-b35a-14bd1ecb3133')",P,1.3353732108163785e-10,1.3353732108163785e-10,0.04,6.789346501556335e-16,6.789346501556335e-16,Apatite,0.3532544378698225,4.717265129333598e-11,0.014130177514792902,2.3983667819107294e-16,0.04784087102177553,0.04784087097460288
"Cu, Cu 3.2E+0%, Pt 2.5E-4%, Pd 7.3E-4%, Rh 2.0E-5%, Ni 2.3E+0% in ore, in ground","('ecoinvent-3.4-biosphere', '73b7f080-b7ae-417c-b740-b4c9eabfb35a')",Cu,1.1160669473158619e-10,1.7735627092279727e-11,0.032,3.939978666672029e-16,2.479348455018202e-15,Chalcopyrite,2.8793103448275863,5.106637455880542e-11,0.09213793103448277,1.1344421333348773e-15,0.00201437125748503,0.002014371206418655
"Cu, Cu 3.2E+0%, Pt 2.5E-4%, Pd 7.3E-4%, Rh 2.0E-5%, Ni 2.3E+0% in ore, in ground","('ecoinvent-3.4-biosphere', '73b7f080-b7ae-417c-b740-b4c9eabfb35a')",Ni,1.1160669473158619e-10,9.387106763930648e-11,0.023,2.0853505883509992e-15,2.479348455018202e-15,Pentlandite(sulphides) / Garnierite(laterites),2.9342028985507245,2.7543675875730415e-10,0.06748666666666667,6.1188417408339604e-15,0.00509049773755656,0.005090497462119802
"Zinc, Zn 0.63%, in mixed ore, in ground","('ecoinvent-3.4-biosphere', 'f8f1ba14-9934-4678-8a78-e2cf1fce7775')",Zn,9.831144033183402e-11,9.831144033183402e-11,0.0063,6.827043349798209e-16,6.827043349798209e-16,Sphalerite,1.4901477832512315,1.4649857487871818e-10,0.009387931034482759,1.0173303513861862e-15,0.02724561983471074,0.027245619688212167
"Aluminium, 24% in bauxite, 11% in crude ore, in ground","('ecoinvent-3.4-biosphere', '8bc65fca-548d-4831-b102-391bbdd6bc8c')",Al,9.744488142367433e-11,9.744488142367433e-11,0.11,7.064790343896179e-15,7.064790343896179e-15,Bauxite (Gibbsite),2.8930041152263373,2.819084429664323e-10,0.3182304526748971,2.043846753810294e-14,0.08399573257467995,0.0839957322927715
"Iron, 72% in magnetite, 14% in crude ore, in ground","('ecoinvent-3.4-biosphere', '99c56f25-9ebb-4e6a-a3e2-e4dc61e9d697')",Fe,9.618510201692862e-11,9.618510201692862e-11,0.14,1.3503316153134672e-15,1.3503316153134672e-15,Hematite,1.0,9.618510201692862e-11,0.14,1.3503316153134672e-15,0.73,0.7299999999038149
"Ni, Ni 2.3E+0%, Pt 2.5E-4%, Pd 7.3E-4%, Rh 2.0E-5%, Cu 3.2E+0% in ore, in ground","('ecoinvent-3.4-biosphere', '0d7f8b87-12f4-4e83-a5a2-854e2f2b47de')",Ni,8.056999951205195e-11,6.776647128637019e-11,0.023,2.0853505883509992e-15,2.479348455018202e-15,Pentlandite(sulphides) / Garnierite(laterites),2.9342028985507245,1.9884057647302184e-10,0.06748666666666667,6.1188417408339604e-15,0.00509049773755656,0.0050904975387159835
"Ni, Ni 2.3E+0%, Pt 2.5E-4%, Pd 7.3E-4%, Rh 2.0E-5%, Cu 3.2E+0% in ore, in ground","('ecoinvent-3.4-biosphere', '0d7f8b87-12f4-4e83-a5a2-854e2f2b47de')",Cu,8.056999951205195e-11,1.2803528225681772e-11,0.032,3.939978666672029e-16,2.479348455018202e-15,Chalcopyrite,2.8793103448275863,3.686533127049752e-11,0.09213793103448277,1.1344421333348773e-15,0.00201437125748503,0.0020143712206196988
"Nickel, 1.13% in sulfide, Ni 0.76% and Cu 0.76% in crude ore, in ground","('ecoinvent-3.4-biosphere', '86c6e6cd-c2f5-4977-bad6-ce9cd48cf721')",Ni,7.510529603894097e-11,6.612558837281186e-11,0.0076,6.89072368324678e-16,7.826468616581387e-16,Pentlandite(sulphides) / Garnierite(laterites),2.9342028985507245,1.9402589307187665e-10,0.022299942028985505,2.0218781404494827e-15,0.00509049773755656,0.005090497543530667
"Nickel, 1.13% in sulfide, Ni 0.76% and Cu 0.76% in crude ore, in ground","('ecoinvent-3.4-biosphere', '86c6e6cd-c2f5-4977-bad6-ce9cd48cf721')",Cu,7.510529603894097e-11,8.979707666129104e-12,0.0076,9.357449333346067e-17,7.826468616581387e-16,Chalcopyrite,2.8793103448275863,2.585536517661311e-11,0.021882758620689655,2.694300066670333e-16,0.00201437125748503,0.0020143712316296647
"Phosphorus, 18% in apatite, 12% in crude ore, in ground","('ecoinvent-3.4-biosphere', 'a64e65fe-3c33-44f1-bd2d-ab7fac07653f')",P,7.4893191978336e-11,7.4893191978336e-11,0.12,2.0368039504669003e-15,2.0368039504669003e-15,Apatite,0.3532544378698225,2.6456352432583788e-11,0.0423905325443787,7.195100345732187e-16,0.04784087102177553,0.04784087099531918
"Copper, 2.19% in sulfide, Cu 1.83% and Mo 8.2E-3% in crude ore, in ground","('ecoinvent-3.4-biosphere', 'b569dc97-52fe-4e39-9627-183b1002c287')",Cu,6.781788347707632e-11,6.396916544645767e-11,0.0183,2.2531753000030665e-16,2.3887380565709124e-16,Chalcopyrite,2.8793103448275863,1.8418707981997296e-10,0.05269137931034483,6.48759095000883e-16,0.00201437125748503,0.0020143710732979502
"Copper, 2.19% in sulfide, Cu 1.83% and Mo 8.2E-3% in crude ore, in ground","('ecoinvent-3.4-biosphere', 'b569dc97-52fe-4e39-9627-183b1002c287')",Mo,6.781788347707632e-11,3.848718030618656e-12,8.2e-05,1.3556275656784592e-17,2.3887380565709124e-16,Molybdenite,1.6700000000000004,6.427359111133156e-12,0.00013694000000000003,2.2638980346830273e-17,0.0001796407185628742,0.0001796407121355151
"Copper, 1.18% in sulfide, Cu 0.39% and Mo 8.2E-3% in crude ore, in ground","('ecoinvent-3.4-biosphere', '31998285-fb5c-411d-b853-ce78be2a0b49')",Cu,5.985380081324634e-11,4.6676412084680706e-11,0.0039000000000000003,4.801849000006535e-17,6.157476565684994e-17,Chalcopyrite,2.8793103448275863,1.3439587617485651e-10,0.011229310344827588,1.3826013500018817e-16,0.00201437125748503,0.0020143711230891535
"Copper, 1.18% in sulfide, Cu 0.39% and Mo 8.2E-3% in crude ore, in ground","('ecoinvent-3.4-biosphere', '31998285-fb5c-411d-b853-ce78be2a0b49')",Mo,5.985380081324634e-11,1.3177388728565642e-11,8.2e-05,1.3556275656784592e-17,6.157476565684994e-17,Molybdenite,1.6700000000000004,2.2006239176704627e-11,0.00013694000000000003,2.2638980346830273e-17,0.0001796407185628742,0.00017964069655663502
"Copper, 0.99% in sulfide, Cu 0.36% and Mo 8.2E-3% in crude ore, in ground","('ecoinvent-3.4-biosphere', '79df5650-160a-4ab7-a14f-cc8162877f4a')",Cu,5.905559344883054e-11,4.522422545787658e-11,0.0036,4.432476000006032e-17,5.788103565684491e-17,Chalcopyrite,2.8793103448275863,1.3021458019767912e-10,0.01036551724137931,1.276247400001737e-16,0.00201437125748503,0.00201437112727045
"Copper, 0.99% in sulfide, Cu 0.36% and Mo 8.2E-3% in crude ore, in ground","('ecoinvent-3.4-biosphere', '79df5650-160a-4ab7-a14f-cc8162877f4a')",Mo,5.905559344883054e-11,1.383136799095395e-11,8.2e-05,1.3556275656784592e-17,5.788103565684491e-17,Molybdenite,1.6700000000000004,2.3098384544893103e-11,0.00013694000000000003,2.2638980346830273e-17,0.0001796407185628742,0.00017964069546448966
"Copper, 0.97% in sulfide, Cu 0.36% and Mo 4.1E-2% in crude ore, in ground","('ecoinvent-3.4-biosphere', '19988f5b-a9a6-48f3-9e8e-150b66a1bf12')",Cu,4.499827759750166e-11,1.7791513341337833e-11,0.0036,4.432476000006032e-17,1.1210613828398327e-16,Chalcopyrite,2.8793103448275863,5.1227288413852037e-11,0.01036551724137931,1.276247400001737e-16,0.00201437125748503,0.0020143712062577414
"Copper, 0.97% in sulfide, Cu 0.36% and Mo 4.1E-2% in crude ore, in ground","('ecoinvent-3.4-biosphere', '19988f5b-a9a6-48f3-9e8e-150b66a1bf12')",Mo,4.499827759750166e-11,2.7206764256163834e-11,0.00041,6.778137828392296e-17,1.1210613828398327e-16,Molybdenite,1.6700000000000004,4.5435296307793614e-11,0.0006847000000000001,1.1319490173415135e-16,0.0001796407185628742,0.00017964067312757788
"Copper, 0.52% in sulfide, Cu 0.27% and Mo 8.2E-3% in crude ore, in ground","('ecoinvent-3.4-biosphere', '1aee4aa7-32e0-48e7-a6b5-73d8acf672d3')",Cu,4.386716354622733e-11,3.116038315052907e-11,0.0027,3.3243570000045246e-17,4.6799845656829836e-17,Chalcopyrite,2.8793103448275863,8.972041355410957e-11,0.007774137931034483,9.571855500013028e-17,0.00201437125748503,0.0020143711677646165
"Copper, 0.52% in sulfide, Cu 0.27% and Mo 8.2E-3% in crude ore, in ground","('ecoinvent-3.4-biosphere', '1aee4aa7-32e0-48e7-a6b5-73d8acf672d3')",Mo,4.386716354622733e-11,1.2706780395698267e-11,8.2e-05,1.3556275656784592e-17,4.6799845656829836e-17,Molybdenite,1.6700000000000004,2.122032326081611e-11,0.00013694000000000003,2.2638980346830273e-17,0.0001796407185628742,0.00017964069734255093
"Copper, Cu 0.38%, in mixed ore, in ground","('ecoinvent-3.4-biosphere', '5afa470c-ab8c-4ec3-8a18-5c0bed973571')",Cu,4.3003793149892564e-11,4.3003793149892564e-11,0.0038,4.678724666673034e-17,4.678724666673034e-17,Chalcopyrite,2.8793103448275863,1.2382126648331136e-10,0.010941379310344827,1.3471500333351666e-16,0.00201437125748503,0.0020143711336637633
"Copper, 1.13% in sulfide, Cu 0.76% and Ni 0.76% in crude ore, in ground","('ecoinvent-3.4-biosphere', 'ed5ace5c-a203-4816-b33b-9fe0c5f0f519')",Cu,3.862458915444484e-11,4.618016806050872e-12,0.0076,9.357449333346067e-17,7.826468616581387e-16,Chalcopyrite,2.8793103448275863,1.3296703562249925e-11,0.021882758620689655,2.694300066670333e-16,0.00201437125748503,0.0020143712441883263
"Copper, 1.13% in sulfide, Cu 0.76% and Ni 0.76% in crude ore, in ground","('ecoinvent-3.4-biosphere', 'ed5ace5c-a203-4816-b33b-9fe0c5f0f519')",Ni,3.862458915444484e-11,3.4006572348393965e-11,0.0076,6.89072368324678e-16,7.826468616581387e-16,Pentlandite(sulphides) / Garnierite(laterites),2.9342028985507245,9.978218315443249e-11,0.022299942028985505,2.0218781404494827e-15,0.00509049773755656,0.005090497637774377
"Copper, 0.59% in sulfide, Cu 0.22% and Mo 8.2E-3% in crude ore, in ground","('ecoinvent-3.4-biosphere', '1b35070a-eb57-4f0f-a27f-5ba181ff0d4d')",Cu,3.0365058802356184e-11,2.0237097355829697e-11,0.0022,2.70873533333702e-17,4.064362899015479e-17,Chalcopyrite,2.8793103448275863,5.826888376592343e-11,0.00633448275862069,7.799289666677281e-17,0.00201437125748503,0.0020143711992161462
"Copper, 0.59% in sulfide, Cu 0.22% and Mo 8.2E-3% in crude ore, in ground","('ecoinvent-3.4-biosphere', '1b35070a-eb57-4f0f-a27f-5ba181ff0d4d')",Mo,3.0365058802356184e-11,1.0127961446526482e-11,8.2e-05,1.3556275656784592e-17,4.064362899015479e-17,Molybdenite,1.6700000000000004,1.691369561569923e-11,0.00013694000000000003,2.2638980346830273e-17,0.0001796407185628742,0.00017964070164917857
"Zinc, Zn 3.1%, in mixed ore, in ground","('ecoinvent-3.4-biosphere', 'c3b2ba62-b158-47b1-8e1e-e76156e5292a')",Zn,1.1095296388631614e-11,1.1095296388631614e-11,0.031,3.359338791170547e-15,3.359338791170547e-15,Sphalerite,1.4901477832512315,1.6533631318034795e-11,0.046194581280788176,5.005911252852662e-15,0.02724561983471074,0.027245619818177108
"Stibnite, in ground","('ecoinvent-3.4-biosphere', '3e0034cd-21d6-4582-9fbf-09c26edd05df')",Sb,1.1017501308257363e-11,1.1017501308257363e-11,0.7168678245510746,1.565214743110908e-11,1.565214743110908e-11,Stibnite,1.3941798941798942,1.5360378808073097e-11,0.9994427077735881,2.182190924919176e-11,0.02711271347248577,0.02711271345712539
"Copper, 1.42% in sulfide, Cu 0.81% and Mo 8.2E-3% in crude ore, in ground","('ecoinvent-3.4-biosphere', 'c8f18160-6937-4bb9-ad0c-dffa942ca41e')",Cu,9.958828984517513e-12,8.767124305025508e-12,0.008100000000000001,9.973071000013574e-17,1.1328698565692033e-16,Chalcopyrite,2.8793103448275863,2.524327170584931e-11,0.02332241379310345,2.8715566500039084e-16,0.00201437125748503,0.002014371232241758
"Copper, 1.42% in sulfide, Cu 0.81% and Mo 8.2E-3% in crude ore, in ground","('ecoinvent-3.4-biosphere', 'c8f18160-6937-4bb9-ad0c-dffa942ca41e')",Mo,9.958828984517513e-12,1.1917046794920047e-12,8.2e-05,1.3556275656784592e-17,1.1328698565692033e-16,Molybdenite,1.6700000000000004,1.9901468147516484e-12,0.00013694000000000003,2.2638980346830273e-17,0.0001796407185628742,0.00017964071657272738
"Molybdenum, 0.11% in sulfide, Mo 4.1E-2% and Cu 0.36% in crude ore, in ground","('ecoinvent-3.4-biosphere', 'eda28c96-8899-4d84-bf18-35c3f1de518e')",Mo,5.131826110412538e-12,3.1027939433257763e-12,0.00041,6.778137828392296e-17,1.1210613828398327e-16,Molybdenite,1.6700000000000004,5.181665885354047e-12,0.0006847000000000001,1.1319490173415135e-16,0.0001796407185628742,0.0001796407133812083
"Molybdenum, 0.11% in sulfide, Mo 4.1E-2% and Cu 0.36% in crude ore, in ground","('ecoinvent-3.4-biosphere', 'eda28c96-8899-4d84-bf18-35c3f1de518e')",Cu,5.131826110412538e-12,2.0290321670867625e-12,0.0036,4.432476000006032e-17,1.1210613828398327e-16,Chalcopyrite,2.8793103448275863,5.842213308680851e-12,0.01036551724137931,1.276247400001737e-16,0.00201437125748503,0.0020143712516428164
"Nickel, Ni 2.5E+0%, in mixed ore, in ground","('ecoinvent-3.4-biosphere', 'f09c3144-a268-4bed-8ca2-63005b6ef75f')",Ni,4.241904444315969e-12,4.241904444315969e-12,0.025,2.2666854221206516e-15,2.2666854221206516e-15,Pentlandite(sulphides) / Garnierite(laterites),2.9342028985507245,1.2446608315887117e-11,0.07335507246376811,6.650914935689089e-15,0.00509049773755656,0.005090497725109952
"Molybdenum, 0.010% in sulfide, Mo 8.2E-3% and Cu 1.83% in crude ore, in ground","('ecoinvent-3.4-biosphere', '06874cbb-2daf-4981-a55e-2c38be5b7277')",Mo,1.9692304285083076e-12,1.117553699416861e-13,8.2e-05,1.3556275656784592e-17,2.3887380565709124e-16,Molybdenite,1.6700000000000004,1.8663146780261582e-13,0.00013694000000000003,2.2638980346830273e-17,0.0001796407185628742,0.00017964071837624272
"Molybdenum, 0.010% in sulfide, Mo 8.2E-3% and Cu 1.83% in crude ore, in ground","('ecoinvent-3.4-biosphere', '06874cbb-2daf-4981-a55e-2c38be5b7277')",Cu,1.9692304285083076e-12,1.8574750585666215e-12,0.0183,2.2531753000030665e-16,2.3887380565709124e-16,Chalcopyrite,2.8793103448275863,5.3482471513901e-12,0.05269137931034483,6.48759095000883e-16,0.00201437125748503,0.002014371252136783
"Lead, Pb 0.014%, in mixed ore, in ground","('ecoinvent-3.4-biosphere', '2d9f9c6b-8dca-4641-8ff9-53cb8beabd13')",Pb,1.8437583115468222e-12,1.8437583115468222e-12,0.00014000000000000001,1.6597356591276228e-17,1.6597356591276228e-17,Galena,1.1560975609756097,2.1315644870077896e-12,0.00016185365853658537,1.9188163473816905e-17,0.017732067510548524,0.01773206750841696
"Cobalt, in ground","('ecoinvent-3.4-biosphere', 'd0779a5e-6969-4144-954e-ceb81fb83f15')",Co,1.4942913892445462e-12,1.4942913892445462e-12,0.0019,3.695024078206249e-15,3.695024078206249e-15,Linnaeite,1.727272727272727,2.5810487632405794e-12,0.0032818181818181813,6.3823143169017024e-15,0.000636842105263158,0.0006368421026821092
"Molybdenum, 0.025% in sulfide, Mo 8.2E-3% and Cu 0.39% in crude ore, in ground","('ecoinvent-3.4-biosphere', '719def62-0941-4264-bc54-97093d847d7a')",Mo,1.1940300926082799e-12,2.6287718524338685e-13,8.2e-05,1.3556275656784592e-17,6.157476565684994e-17,Molybdenite,1.6700000000000004,4.390048993564561e-13,0.00013694000000000003,2.2638980346830273e-17,0.0001796407185628742,0.0001796407181238693
"Molybdenum, 0.025% in sulfide, Mo 8.2E-3% and Cu 0.39% in crude ore, in ground","('ecoinvent-3.4-biosphere', '719def62-0941-4264-bc54-97093d847d7a')",Cu,1.1940300926082799e-12,9.31152907364893e-13,0.0039000000000000003,4.801849000006535e-17,6.157476565684994e-17,Chalcopyrite,2.8793103448275863,2.6810781987920197e-12,0.011229310344827588,1.3826013500018817e-16,0.00201437125748503,0.002014371254803952
"Molybdenum, 0.016% in sulfide, Mo 8.2E-3% and Cu 0.27% in crude ore, in ground","('ecoinvent-3.4-biosphere', 'ac8571b8-b00b-479d-93cf-b9374feaee05')",Mo,1.0517387693631474e-12,3.046518738750049e-13,8.2e-05,1.3556275656784592e-17,4.6799845656829836e-17,Molybdenite,1.6700000000000004,5.087686293712583e-13,0.00013694000000000003,2.2638980346830273e-17,0.0001796407185628742,0.00017964071805410558
"Molybdenum, 0.016% in sulfide, Mo 8.2E-3% and Cu 0.27% in crude ore, in ground","('ecoinvent-3.4-biosphere', 'ac8571b8-b00b-479d-93cf-b9374feaee05')",Cu,1.0517387693631474e-12,7.470868954881426e-13,0.0027,3.3243570000045246e-17,4.6799845656829836e-17,Chalcopyrite,2.8793103448275863,2.1510950266641347e-12,0.007774137931034483,9.571855500013028e-17,0.00201437125748503,0.002014371255333935
"Molybdenum, 0.022% in sulfide, Mo 8.2E-3% and Cu 0.36% in crude ore, in ground","('ecoinvent-3.4-biosphere', '30fed59d-d722-482f-be4f-f3d93bdd2527')",Mo,7.814663001394752e-13,1.8302665909409117e-13,8.2e-05,1.3556275656784592e-17,5.788103565684491e-17,Molybdenite,1.6700000000000004,3.0565452068713234e-13,0.00013694000000000003,2.2638980346830273e-17,0.0001796407185628742,0.00017964071825721969
"Molybdenum, 0.022% in sulfide, Mo 8.2E-3% and Cu 0.36% in crude ore, in ground","('ecoinvent-3.4-biosphere', '30fed59d-d722-482f-be4f-f3d93bdd2527')",Cu,7.814663001394752e-13,5.984396410453841e-13,0.0036,4.432476000006032e-17,5.788103565684491e-17,Chalcopyrite,2.8793103448275863,1.7230934492168818e-12,0.01036551724137931,1.276247400001737e-16,0.00201437125748503,0.0020143712557619364
"Molybdenum, 0.022% in sulfide, Mo 8.2E-3% and Cu 0.22% in crude ore, in ground","('ecoinvent-3.4-biosphere', 'a76cf135-2be1-4e53-9423-9211acd100f1')",Mo,6.782394980058259e-13,2.2621999621424952e-13,8.2e-05,1.3556275656784592e-17,4.064362899015479e-17,Molybdenite,1.6700000000000004,3.777873936777968e-13,0.00013694000000000003,2.2638980346830273e-17,0.0001796407185628742,0.0001796407181850868
"Molybdenum, 0.022% in sulfide, Mo 8.2E-3% and Cu 0.22% in crude ore, in ground","('ecoinvent-3.4-biosphere', 'a76cf135-2be1-4e53-9423-9211acd100f1')",Cu,6.782394980058259e-13,4.520195017915763e-13,0.0022,2.70873533333702e-17,4.064362899015479e-17,Chalcopyrite,2.8793103448275863,1.3015044275722974e-12,0.00633448275862069,7.799289666677281e-17,0.00201437125748503,0.0020143712561835254
"Tin, 79% in cassiterite, 0.1% in crude ore, in ground","('ecoinvent-3.4-biosphere', '31b4eea9-640e-4056-ac2f-0555627af18a')",Sn,5.07197314744163e-13,5.07197314744163e-13,0.001,1.3268575464212294e-16,1.3268575464212294e-16,Cassiterite,1.26875,6.435065930816567e-13,0.0012687500000000001,1.683450512021935e-16,0.003783251231527093,0.0037832512308835866
"Perlite, in ground","('ecoinvent-3.4-biosphere', '09a68c14-01f6-4dee-ba29-8b7f400b72b5')",Al,3.8072523405675524e-13,3.8072523405675524e-13,0.06875562728276566,4.415855379234614e-15,4.415855379234614e-15,Bauxite (Gibbsite),2.8930041152263373,1.1014396688967034e-12,0.19891031267400927,1.2775087784370096e-14,0.08399573257467995,0.08399573257357851
"Olivine, in ground","('ecoinvent-3.4-biosphere', 'd7cadc9a-f42c-4711-a8e2-0b626c0a4c7a')",Fe,3.0115586216940396e-13,3.0115586216940396e-13,0.1457047811623508,1.4053555178989457e-15,1.4053555178989457e-15,Hematite,1.0,3.0115586216940396e-13,0.1457047811623508,1.4053555178989457e-15,0.73,0.7299999999996988
"Molybdenum, 0.014% in sulfide, Mo 8.2E-3% and Cu 0.81% in crude ore, in ground","('ecoinvent-3.4-biosphere', '5514ccd2-469f-4074-9905-529154e7f742')",Mo,2.0439062328490273e-13,2.4458022383111217e-14,8.2e-05,1.3556275656784592e-17,1.1328698565692033e-16,Molybdenite,1.6700000000000004,4.084489737979574e-14,0.00013694000000000003,2.2638980346830273e-17,0.0001796407185628742,0.0001796407185220293
"Molybdenum, 0.014% in sulfide, Mo 8.2E-3% and Cu 0.81% in crude ore, in ground","('ecoinvent-3.4-biosphere', '5514ccd2-469f-4074-9905-529154e7f742')",Cu,2.0439062328490273e-13,1.799326009017915e-13,0.008100000000000001,9.973071000013574e-17,1.1328698565692033e-16,Chalcopyrite,2.8793103448275863,5.180817991482617e-13,0.02332241379310345,2.8715566500039084e-16,0.00201437125748503,0.002014371256966948
"Spodumene, in ground","('ecoinvent-3.4-biosphere', '5324b57a-96f1-4dc3-9dc5-544881960f4f')",Al,1.9922155920042352e-13,1.238777529589373e-13,0.1449865663621709,9.311815400273886e-15,1.4975363523456938e-14,Bauxite (Gibbsite),2.8930041152263373,3.5837884909519717e-13,0.41944673313829683,2.6939120273220334e-14,0.08399573257467995,0.08399573257432157
"Spodumene, in ground","('ecoinvent-3.4-biosphere', '5324b57a-96f1-4dc3-9dc5-544881960f4f')",Li,1.9922155920042352e-13,7.534380624148622e-14,0.037297152068780225,5.663548123183053e-15,1.4975363523456938e-14,Spodumene,26.800000000000004,2.019214007271831e-12,0.9995636754433102,1.5178308970130583e-13,0.0011194029850746267,0.0011194029830554127
"Ni, Ni 3.7E-2%, Pt 4.8E-4%, Pd 2.0E-4%, Rh 2.4E-5%, Cu 5.2E-2% in ore, in ground","('ecoinvent-3.4-biosphere', 'febbfa6e-44d4-42a0-abcd-aec8a428f75e')",Ni,1.7779826080326522e-13,1.4930354178066987e-13,0.00037,3.354694424738564e-17,3.9949409580727685e-17,Pentlandite(sulphides) / Garnierite(laterites),2.9342028985507245,4.3808688505673074e-13,0.001085655072463768,9.843354104819849e-17,0.00509049773755656,0.005090497737118473
"Ni, Ni 3.7E-2%, Pt 4.8E-4%, Pd 2.0E-4%, Rh 2.4E-5%, Cu 5.2E-2% in ore, in ground","('ecoinvent-3.4-biosphere', 'febbfa6e-44d4-42a0-abcd-aec8a428f75e')",Cu,1.7779826080326522e-13,2.849471902259533e-14,0.00052,6.402465333342046e-18,3.9949409580727685e-17,Chalcopyrite,2.8793103448275863,8.204513925471415e-14,0.0014972413793103447,1.8434684666691753e-17,0.00201437125748503,0.002014371257402985
"Lead, Pb 3.6E-1%, in mixed ore, in ground","('ecoinvent-3.4-biosphere', '4df0eac4-44bb-46b6-b588-e3513a1ead2f')",Pb,1.6422962717168985e-13,1.6422962717168985e-13,0.0036,4.267891694899601e-16,4.267891694899601e-16,Galena,1.1560975609756097,1.8986547141312435e-13,0.0041619512195121946,4.934099178981489e-16,0.017732067510548524,0.01773206751035866
"Cu, Cu 5.2E-2%, Pt 4.8E-4%, Pd 2.0E-4%, Rh 2.4E-5%, Ni 3.7E-2% in ore, in ground","('ecoinvent-3.4-biosphere', '8508a83c-6a37-4159-93cc-21a2645390ab')",Cu,1.246756148585651e-13,1.9981053798355727e-14,0.00052,6.402465333342046e-18,3.9949409580727685e-17,Chalcopyrite,2.8793103448275863,5.753165490216218e-14,0.0014972413793103447,1.8434684666691753e-17,0.00201437125748503,0.002014371257427498
"Cu, Cu 5.2E-2%, Pt 4.8E-4%, Pd 2.0E-4%, Rh 2.4E-5%, Ni 3.7E-2% in ore, in ground","('ecoinvent-3.4-biosphere', '8508a83c-6a37-4159-93cc-21a2645390ab')",Ni,1.246756148585651e-13,1.0469456106020937e-13,0.00037,3.354694424738564e-17,3.9949409580727685e-17,Pentlandite(sulphides) / Garnierite(laterites),2.9342028985507245,3.0719508452536217e-13,0.001085655072463768,9.843354104819849e-17,0.00509049773755656,0.005090497737249365
"Copper, Cu 6.8E-1%, in mixed ore, in ground","('ecoinvent-3.4-biosphere', '4f684798-3870-45a1-b5f2-aa3444c0b8d6')",Cu,4.349355642425611e-14,4.349355642425611e-14,0.0068000000000000005,8.372454666678061e-17,8.372454666678061e-17,Chalcopyrite,2.8793103448275863,1.2523144694570295e-13,0.01957931034482759,2.4106895333366143e-16,0.00201437125748503,0.0020143712573597984
"Cobalt, Co 5.0E-2%, in mixed ore, in ground","('ecoinvent-3.4-biosphere', '02e8658e-3c88-404c-865d-4d4934661ea6')",Co,3.71460741719923e-14,3.71460741719923e-14,0.0005,9.723747574226973e-16,9.723747574226973e-16,Linnaeite,1.727272727272727,6.416140084253215e-14,0.0008636363636363635,1.6795563991846589e-15,0.000636842105263158,0.0006368421051989966
"Feldspar, in ground","('ecoinvent-3.4-biosphere', '26296ec9-ff93-41e6-bbbf-6175af04284d')",Al,2.992076209939617e-14,2.992076209939617e-14,0.09694247835303417,6.226166227108002e-15,6.226166227108002e-15,Bauxite (Gibbsite),2.8930041152263373,8.656088788426135e-14,0.28045498881556796,1.8012324517106687e-14,0.08399573257467995,0.08399573257459339
"Pd, Pd 7.3E-4%, Pt 2.5E-4%, Rh 2.0E-5%, Ni 2.3E+0%, Cu 3.2E+0% in ore, in ground","('ecoinvent-3.4-biosphere', '535bbc83-033b-42fe-9a68-8dc9eb420385')",Ni,2.5425008269716745e-14,2.1384672996153578e-14,0.023,2.0853505883509992e-15,2.479348455018202e-15,Pentlandite(sulphides) / Garnierite(laterites),2.9342028985507245,6.274696948987324e-14,0.06748666666666667,6.1188417408339604e-15,0.00509049773755656,0.005090497737493814
"Pd, Pd 7.3E-4%, Pt 2.5E-4%, Rh 2.0E-5%, Ni 2.3E+0%, Cu 3.2E+0% in ore, in ground","('ecoinvent-3.4-biosphere', '535bbc83-033b-42fe-9a68-8dc9eb420385')",Cu,2.5425008269716745e-14,4.040335273563169e-15,0.032,3.939978666672029e-16,2.479348455018202e-15,Chalcopyrite,2.8793103448275863,1.163337914974223e-14,0.09213793103448277,1.1344421333348773e-15,0.00201437125748503,0.0020143712574733964
"Pt, Pt 2.5E-4%, Pd 7.3E-4%, Rh 2.0E-5%, Ni 2.3E+0%, Cu 3.2E+0% in ore, in ground","('ecoinvent-3.4-biosphere', '3250f566-58bc-46d3-ab88-1d2e23ca3e1b')",Ni,8.71535416005199e-15,7.330381047716957e-15,0.023,2.0853505883509992e-15,2.479348455018202e-15,Pentlandite(sulphides) / Garnierite(laterites),2.9342028985507245,2.1508825317692394e-14,0.06748666666666667,6.1188417408339604e-15,0.00509049773755656,0.0050904977375350515
"Pt, Pt 2.5E-4%, Pd 7.3E-4%, Rh 2.0E-5%, Ni 2.3E+0%, Cu 3.2E+0% in ore, in ground","('ecoinvent-3.4-biosphere', '3250f566-58bc-46d3-ab88-1d2e23ca3e1b')",Cu,8.71535416005199e-15,1.3849731123350335e-15,0.032,3.939978666672029e-16,2.479348455018202e-15,Chalcopyrite,2.8793103448275863,3.9877674096543205e-15,0.09213793103448277,1.1344421333348773e-15,0.00201437125748503,0.002014371257481042
"Copper, Cu 0.2%, in mixed ore, in ground","('ecoinvent-3.4-biosphere', '704399e3-cf6b-483d-84f5-466e91a9d17c')",Cu,5.2644592865561264e-15,5.2644592865561264e-15,0.002,2.462486666670018e-17,2.462486666670018e-17,Chalcopyrite,2.8793103448275863,1.515801208370471e-14,0.005758620689655173,7.090263333342983e-17,0.00201437125748503,0.002014371257469872
"Silver, 0.007% in sulfide, Ag 0.004%, Pb, Zn, Cd, In, in ground","('ecoinvent-3.4-biosphere', 'c15f6c4d-bf7a-4a7c-91c6-53aad6a630a8')",Ag,4.2775719136239815e-15,4.2775719136239815e-15,4e-05,6.280784264150202e-18,6.280784264150202e-18,Argentite,1.1478494623655913,4.910008621283441e-15,4.591397849462366e-05,7.209394840839074e-18,3.240843091334895e-06,3.2408430864248863e-06
"Silver, Ag 9.7E-4%, in mixed ore, in ground","('ecoinvent-3.4-biosphere', 'cfaa80f4-8e19-4fd6-942a-eaea14812896')",Ag,1.725041696163023e-15,1.725041696163023e-15,9.7e-06,1.5230901840564239e-18,1.5230901840564239e-18,Argentite,1.1478494623655913,1.9800881834989536e-15,1.1134139784946236e-05,1.7482782489034756e-18,3.240843091334895e-06,3.2408430893548067e-06
"Pt, Pt 4.8E-4%, Pd 2.0E-4%, Rh 2.4E-5%, Ni 3.7E-2%, Cu 5.2E-2% in ore, in ground","('ecoinvent-3.4-biosphere', '636a8446-9899-43a6-b4bf-213f25d69c88')",Ni,8.163542037900848e-16,6.855217448289012e-16,0.00037,3.354694424738564e-17,3.9949409580727685e-17,Pentlandite(sulphides) / Garnierite(laterites),2.9342028985507245,2.011459890696512e-15,0.001085655072463768,9.843354104819849e-17,0.00509049773755656,0.005090497737554549
"Pt, Pt 4.8E-4%, Pd 2.0E-4%, Rh 2.4E-5%, Ni 3.7E-2%, Cu 5.2E-2% in ore, in ground","('ecoinvent-3.4-biosphere', '636a8446-9899-43a6-b4bf-213f25d69c88')",Cu,8.163542037900848e-16,1.3083245896118349e-16,0.00052,6.402465333342046e-18,3.9949409580727685e-17,Chalcopyrite,2.8793103448275863,3.767072525261663e-16,0.0014972413793103447,1.8434684666691753e-17,0.00201437125748503,0.002014371257484653
"Rh, Rh 2.0E-5%, Pt 2.5E-4%, Pd 7.3E-4%, Ni 2.3E+0%, Cu 3.2E+0% in ore, in ground","('ecoinvent-3.4-biosphere', '7005a356-23d8-4d38-9dbc-fa75401b400e')",Ni,6.959743447456764e-16,5.853757693296655e-16,0.023,2.0853505883509992e-15,2.479348455018202e-15,Pentlandite(sulphides) / Garnierite(laterites),2.9342028985507245,1.7176112791084648e-15,0.06748666666666667,6.1188417408339604e-15,0.00509049773755656,0.005090497737554843
"Rh, Rh 2.0E-5%, Pt 2.5E-4%, Pd 7.3E-4%, Ni 2.3E+0%, Cu 3.2E+0% in ore, in ground","('ecoinvent-3.4-biosphere', '7005a356-23d8-4d38-9dbc-fa75401b400e')",Cu,6.959743447456764e-16,1.1059857541601097e-16,0.032,3.939978666672029e-16,2.479348455018202e-15,Chalcopyrite,2.8793103448275863,3.184476223185144e-16,0.09213793103448277,1.1344421333348773e-15,0.00201437125748503,0.0020143712574847115
"Silver, Ag 4.2E-3%, Au 1.1E-4%, in ore, in ground","('ecoinvent-3.4-biosphere', 'd76320f7-6761-4864-92a6-660fa3453ffa')",Ag,5.385803247829681e-16,5.385803247829681e-16,4.2e-05,6.594823477357711e-18,6.594823477357711e-18,Argentite,1.1478494623655913,6.182091362428154e-16,4.820967741935483e-05,7.569864582881028e-18,3.240843091334895e-06,3.2408430907166858e-06
"Pd, Pd 2.0E-4%, Pt 4.8E-4%, Rh 2.4E-5%, Ni 3.7E-2%, Cu 5.2E-2% in ore, in ground","('ecoinvent-3.4-biosphere', '4b8ac2cb-3fa6-4047-a9ab-183d9e63ccac')",Ni,3.4692342455308934e-16,2.913239745903297e-16,0.00037,3.354694424738564e-17,3.9949409580727685e-17,Pentlandite(sulphides) / Garnierite(laterites),2.9342028985507245,8.54803650660263e-16,0.001085655072463768,9.843354104819849e-17,0.00509049773755656,0.005090497737555705
"Pd, Pd 2.0E-4%, Pt 4.8E-4%, Rh 2.4E-5%, Ni 3.7E-2%, Cu 5.2E-2% in ore, in ground","('ecoinvent-3.4-biosphere', '4b8ac2cb-3fa6-4047-a9ab-183d9e63ccac')",Cu,3.4692342455308934e-16,5.559944996275963e-17,0.00052,6.402465333342046e-18,3.9949409580727685e-17,Chalcopyrite,2.8793103448275863,1.6008807144449758e-16,0.0014972413793103447,1.8434684666691753e-17,0.00201437125748503,0.00201437125748487
"Lithium, 0.15% in brine, in ground","('ecoinvent-3.4-biosphere', 'a9ad523f-b721-4f07-ad9f-584053f3454d')",Li,2.930630876428004e-16,2.930630876428004e-16,0.0015,2.27774017949366e-16,2.27774017949366e-16,Spodumene,26.800000000000004,7.854090748827052e-15,0.04020000000000001,6.10434368104301e-15,0.0011194029850746267,0.0011194029850667725
"Silver, Ag 5.4E-3%, in mixed ore, in ground","('ecoinvent-3.4-biosphere', 'eaa3e9d4-68d6-4267-a7a5-48b141c3861e')",Ag,4.932447340045987e-17,4.932447340045987e-17,5.4000000000000005e-05,8.479058756602773e-18,8.479058756602773e-18,Argentite,1.1478494623655913,5.661707027418377e-17,6.198387096774193e-05,9.732683035132752e-18,3.240843091334895e-06,3.240843091278278e-06
"Rh, Rh 2.4E-5%, Pt 4.8E-4%, Pd 2.0E-4%, Ni 3.7E-2%, Cu 5.2E-2% in ore, in ground","('ecoinvent-3.4-biosphere', 'f7360584-688a-4b6f-bc4a-db00a1e7b022')",Ni,4.087191750472543e-17,3.432160705764788e-17,0.00037,3.354694424738564e-17,3.9949409580727685e-17,Pentlandite(sulphides) / Garnierite(laterites),2.9342028985507245,1.007065589114694e-16,0.001085655072463768,9.843354104819849e-17,0.00509049773755656,0.00509049773755646
"Rh, Rh 2.4E-5%, Pt 4.8E-4%, Pd 2.0E-4%, Ni 3.7E-2%, Cu 5.2E-2% in ore, in ground","('ecoinvent-3.4-biosphere', 'f7360584-688a-4b6f-bc4a-db00a1e7b022')",Cu,4.087191750472543e-17,6.550310447077549e-18,0.00052,6.402465333342046e-18,3.9949409580727685e-17,Chalcopyrite,2.8793103448275863,1.88603766321026e-17,0.0014972413793103447,1.8434684666691753e-17,0.00201437125748503,0.0020143712574850112
"Gold, Au 1.1E-4%, Ag 4.2E-3%, in ore, in ground","('ecoinvent-3.4-biosphere', 'ff741136-d6ee-444a-a15b-3b308e376db8')",Ag,1.4378492344797058e-17,1.4378492344797058e-17,4.2e-05,6.594823477357711e-18,6.594823477357711e-18,Argentite,1.1478494623655913,1.6504344707603073e-17,4.820967741935483e-05,7.569864582881028e-18,3.240843091334895e-06,3.2408430913183905e-06
"Silver, Ag 2.1E-4%, Au 2.1E-4%, in ore, in ground","('ecoinvent-3.4-biosphere', 'd02343bd-b00d-4fb3-9bda-2e8183f3b012')",Ag,2.707628246093295e-19,2.707628246093295e-19,2.1000000000000002e-06,3.2974117386788564e-19,3.2974117386788564e-19,Argentite,1.1478494623655913,3.1079496265640774e-19,2.410483870967742e-06,3.784932291440515e-19,3.240843091334895e-06,3.240843091334584e-06
"Gold, Au 1.3E-4%, Ag 4.6E-5%, in ore, in ground","('ecoinvent-3.4-biosphere', '7cd1d217-70a7-4452-abc4-3b1100763d6d')",Ag,2.693011500716725e-19,2.693011500716725e-19,4.6e-07,7.222901903772732e-20,7.222901903772732e-20,Argentite,1.1478494623655913,3.0911718032420467e-19,5.280107526881719e-07,8.290804066964935e-20,3.240843091334895e-06,3.2408430913345857e-06
"Gold, Au 2.1E-4%, Ag 2.1E-4%, in ore, in ground","('ecoinvent-3.4-biosphere', '2d65a3f7-2a10-4a10-ac9e-a0cc7cd57979')",Ag,2.659094662265564e-19,2.659094662265564e-19,2.1000000000000002e-06,3.2974117386788564e-19,3.2974117386788564e-19,Argentite,1.1478494623655913,3.052240378460741e-19,2.410483870967742e-06,3.784932291440515e-19,3.240843091334895e-06,3.2408430913345895e-06
"Silver, Ag 4.6E-5%, Au 1.3E-4%, in ore, in ground","('ecoinvent-3.4-biosphere', '6f70e7c7-ef61-4489-b4f3-157e7e8541ef')",Ag,9.618344257053672e-20,9.618344257053672e-20,4.6e-07,7.222901903772732e-20,7.222901903772732e-20,Argentite,1.1478494623655913,1.104041128430623e-19,5.280107526881719e-07,8.290804066964935e-20,3.240843091334895e-06,3.2408430913347844e-06
"Gold, Au 9.7E-5%, Ag 7.6E-5%, in ore, in ground","('ecoinvent-3.4-biosphere', 'c7d38707-3b22-4fb1-b001-0c8cad496a60')",Ag,3.5974942587934345e-20,3.5974942587934345e-20,7.6e-07,1.1933490101885384e-19,1.1933490101885384e-19,Argentite,1.1478494623655913,4.129381850819345e-20,8.723655913978494e-07,1.3697850197594242e-19,3.240843091334895e-06,3.2408430913348534e-06
"Silver, Ag 7.6E-5%, Au 9.7E-5%, in ore, in ground","('ecoinvent-3.4-biosphere', '781dda0c-ffeb-4664-9667-7506ce6269b9')",Ag,2.8186160041048593e-20,2.8186160041048593e-20,7.6e-07,1.1933490101885384e-19,1.1933490101885384e-19,Argentite,1.1478494623655913,3.235346864926814e-20,8.723655913978494e-07,1.3697850197594242e-19,3.240843091334895e-06,3.2408430913348627e-06
"Gold, Au 6.8E-4%, Ag 1.5E-4%, in ore, in ground","('ecoinvent-3.4-biosphere', '4f5aad55-54d2-4628-a509-b28ef1929bb4')",Ag,1.9626589220927206e-20,1.9626589220927206e-20,1.4999999999999998e-06,2.3552940990563253e-19,2.3552940990563253e-19,Argentite,1.1478494623655913,2.2528369885311602e-20,1.7217741935483868e-06,2.7035230653146524e-19,3.240843091334895e-06,3.2408430913348725e-06
"Silver, 3.2ppm in sulfide, Ag 1.2ppm, Cu and Te, in crude ore, in ground","('ecoinvent-3.4-biosphere', '14946240-b1ee-412c-b900-ed5728a4e684')",Ag,1.2234121925134962e-20,1.2234121925134962e-20,4.27e-06,6.70473720198034e-19,6.70473720198034e-19,Argentite,1.1478494623655913,1.4042930274281258e-20,4.901317204301075e-06,7.696028992595712e-19,3.240843091334895e-06,3.240843091334881e-06
"Silver, Ag 1.5E-4%, Au 6.8E-4%, in ore, in ground","('ecoinvent-3.4-biosphere', 'ed8c57b5-6012-4f21-8b70-92a85923786a')",Ag,4.4051831828005885e-21,4.4051831828005885e-21,1.4999999999999998e-06,2.3552940990563253e-19,2.3552940990563253e-19,Argentite,1.1478494623655913,5.0564871479995996e-21,1.7217741935483868e-06,2.7035230653146524e-19,3.240843091334895e-06,3.24084309133489e-06
"Gold, Au 5.4E-4%, Ag 1.5E-5%, in ore, in ground","('ecoinvent-3.4-biosphere', 'd6c7644f-0d7c-4bb3-b8bb-686ebede951e')",Ag,1.4442915531736329e-21,1.4442915531736329e-21,1.5e-07,2.3552940990563256e-20,2.3552940990563256e-20,Argentite,1.1478494623655913,1.6578292828095192e-21,1.7217741935483868e-07,2.703523065314653e-20,3.240843091334895e-06,3.240843091334893e-06
"Silver, Ag 1.8E-6%, in mixed ore, in ground","('ecoinvent-3.4-biosphere', '45ed0c16-0e34-45f1-8bf9-3b1ce8489e73')",Ag,3.9434410442274883e-22,3.9434410442274883e-22,1.8e-08,2.8263529188675907e-21,2.8263529188675907e-21,Argentite,1.1478494623655913,4.5264766824869285e-22,2.066129032258064e-08,3.2442276783775835e-21,3.240843091334895e-06,3.2408430913348945e-06
"Silver, Ag 1.5E-5%, Au 5.4E-4%, in ore, in ground","('ecoinvent-3.4-biosphere', 'adfff256-b19a-4083-9783-ffbc7a7cb437')",Ag,4.0323718894212127e-23,4.0323718894212127e-23,1.5e-07,2.3552940990563256e-20,2.3552940990563256e-20,Argentite,1.1478494623655913,4.628555905330262e-23,1.7217741935483868e-07,2.703523065314653e-20,3.240843091334895e-06,3.240843091334895e-06
