Flow_Name,Flow_Key,Metal,Delta_g_Total,Delta_g_Metal,Metal_Fraction,CF_Metal,CF_Total,grade_source
Iron,"('ecoinvent-3.12-biosphere', '8ce3ff02-7a1e-48e3-881e-3248b944f28a')",Fe,1.990607939091177e-13,1.990607939091177e-13,1.0,9.645225823667623e-15,9.645225823667623e-15,ecoinvent_elementary_flow
Uranium,"('ecoinvent-3.12-biosphere', '2ba5e39b-adb6-4767-a51d-90c1cf32fe98')",U,1.4719105408595638e-13,1.4719105408595638e-13,1.0,9.154438878304105e-12,9.154438878304105e-12,ecoinvent_elementary_flow
"Clay, unspecified","('ecoinvent-3.12-biosphere', 'f7519ca9-5ffc-41c3-a33e-806da82cfc0e')",Al,9.715548962814693e-14,9.715548962814693e-14,0.33300833076211045,2.1387582178228573e-14,2.1387582178228573e-14,stoichiometric
Chromium,"('ecoinvent-3.12-biosphere', 'e189e2d4-3d3f-4ada-b302-91611784311f')",Cr,4.404162452510109e-14,4.404162452510109e-14,1.0,3.1278613038877847e-13,3.1278613038877847e-13,ecoinvent_elementary_flow
Nickel,"('ecoinvent-3.12-biosphere', '974213ef-1ba0-40e5-bc7b-52ef099e9e09')",Ni,2.244022895944534e-14,2.244022895944534e-14,1.0,9.066741688482605e-14,9.066741688482605e-14,ecoinvent_elementary_flow
Aluminium,"('ecoinvent-3.12-biosphere', 'a45cd247-3532-4e27-bddc-b519fdb5e08f')",Al,1.8724240090668638e-14,1.8724240090668638e-14,1.0,6.422536676269254e-14,6.422536676269254e-14,ecoinvent_elementary_flow
Manganese,"('ecoinvent-3.12-biosphere', 'c2586875-bb56-4b1e-84c5-5ff255a1108b')",Mn,1.585564034272974e-14,1.585564034272974e-14,1.0,6.485008032108113e-14,6.485008032108113e-14,ecoinvent_elementary_flow
"Clay, bentonite","('ecoinvent-3.12-biosphere', '93806a54-46f5-409c-99c5-4144a1e73b5d')",Al,8.342265292311818e-15,8.342265292311818e-15,0.33300833076211045,2.1387582178228573e-14,2.1387582178228573e-14,stoichiometric
Molybdenum,"('ecoinvent-3.12-biosphere', 'e5a3dff5-72dc-5287-893c-597dd4a19566')",Mo,-7.240824794257538e-15,-7.240824794257538e-15,1.0,1.6532043483883647e-13,1.6532043483883647e-13,ecoinvent_elementary_flow
Copper,"('ecoinvent-3.12-biosphere', 'a9ac40a0-9bea-4c48-afa7-66aa6eb90624')",Cu,6.3629538577187246e-15,6.3629538577187246e-15,1.0,1.231243333335009e-14,1.231243333335009e-14,ecoinvent_elementary_flow
Zinc,"('ecoinvent-3.12-biosphere', 'be73218b-18af-492e-96e6-addd309d1e32')",Zn,2.5427429815770783e-15,2.5427429815770783e-15,1.0,1.0836576745711442e-13,1.0836576745711442e-13,ecoinvent_elementary_flow
Lead,"('ecoinvent-3.12-biosphere', 'fbcb9c7a-eea7-4694-ba6c-568e01d28883')",Pb,6.489941549466535e-16,6.489941549466535e-16,1.0,1.1855254708054448e-13,1.1855254708054448e-13,ecoinvent_elementary_flow
Cobalt,"('ecoinvent-3.12-biosphere', 'd0779a5e-6969-4144-954e-ceb81fb83f15')",Co,5.148127896234327e-16,5.148127896234327e-16,1.0,1.9447495148453946e-12,1.9447495148453946e-12,ecoinvent_elementary_flow
Kaolinite,"('ecoinvent-3.12-biosphere', '81ff5c0b-c44f-534e-a55e-8fc017e33dd2')",Al,-4.3994628294756473e-16,-4.3994628294756473e-16,0.20903315773163927,1.3425231220878292e-14,1.3425231220878292e-14,stoichiometric
Phosphorus,"('ecoinvent-3.12-biosphere', '483ae3c5-4eb0-46e4-b811-a72ad391716b')",P,2.236719616367279e-16,2.236719616367279e-16,1.0,1.6973366253890836e-14,1.6973366253890836e-14,ecoinvent_elementary_flow
Tin,"('ecoinvent-3.12-biosphere', '53d5ef26-66d8-4536-afa2-2f6b114189ba')",Sn,1.0674162911770171e-16,1.0674162911770171e-16,1.0,1.3268575464212294e-13,1.3268575464212294e-13,ecoinvent_elementary_flow
Perlite,"('ecoinvent-3.12-biosphere', '09a68c14-01f6-4dee-ba29-8b7f400b72b5')",Al,6.352826038183223e-17,6.352826038183223e-17,0.06875562728276566,4.415855379234614e-15,4.415855379234614e-15,stoichiometric
Antimony,"('ecoinvent-3.12-biosphere', '47262180-8308-5d4c-9332-c77617e032ef')",Sb,5.771010472401262e-17,5.771010472401262e-17,1.0,2.1834077210692158e-11,2.1834077210692158e-11,ecoinvent_elementary_flow
Silver,"('ecoinvent-3.12-biosphere', '361a64cb-ab76-4a72-9ea1-c07d6a20c124')",Ag,2.751200709894314e-17,2.751200709894314e-17,1.0,1.5701960660375504e-13,1.5701960660375504e-13,ecoinvent_elementary_flow
Niobium,"('ecoinvent-3.12-biosphere', '8de8befc-efa2-5d07-a58b-b29ea97a3f41')",Nb,-4.437586523936664e-18,-4.437586523936664e-18,1.0,1.6298072211886446e-11,1.6298072211886446e-11,ecoinvent_elementary_flow
Spodumene,"('ecoinvent-3.12-biosphere', '5324b57a-96f1-4dc3-9dc5-544881960f4f')",Al,-2.7386367068728437e-18,-1.7029088758258774e-18,0.1449865663621709,9.311815400273886e-15,1.4975363523456938e-14,stoichiometric
Spodumene,"('ecoinvent-3.12-biosphere', '5324b57a-96f1-4dc3-9dc5-544881960f4f')",Li,-2.7386367068728437e-18,-1.0357278310469663e-18,0.037297152068780225,5.663548123183053e-15,1.4975363523456938e-14,stoichiometric
Lithium,"('ecoinvent-3.12-biosphere', '7d2c1cdd-a64a-5936-a577-5b82db0c0d1b')",Li,-4.589574593593608e-19,-4.589574593593608e-19,1.0,1.5184934529957733e-13,1.5184934529957733e-13,ecoinvent_elementary_flow
Olivine,"('ecoinvent-3.12-biosphere', 'd7cadc9a-f42c-4711-a8e2-0b626c0a4c7a')",Fe,5.369028533823027e-21,5.369028533823027e-21,0.1457047811623508,1.4053555178989457e-15,1.4053555178989457e-15,stoichiometric
Feldspar,"('ecoinvent-3.12-biosphere', '26296ec9-ff93-41e6-bbbf-6175af04284d')",Al,5.792618270107229e-25,5.792618270107229e-25,0.09694247835303417,6.226166227108002e-15,6.226166227108002e-15,stoichiometric
