flow_key,cf
"('ecoinvent-3.4-biosphere', 'd02343bd-b00d-4fb3-9bda-2e8183f3b012')",7370.0
"('ecoinvent-3.4-biosphere', 'f7360584-688a-4b6f-bc4a-db00a1e7b022')",2700000.0
"('ecoinvent-3.4-biosphere', '9f9f1f14-6eee-4067-b4a5-80e75fc7b295')",16.0
"('ecoinvent-3.4-biosphere', 'ac8571b8-b00b-479d-93cf-b9374feaee05')",908.0
"('ecoinvent-3.4-biosphere', 'c970e81e-1c4e-4f21-814c-0c25444f41d2')",78.0
"('ecoinvent-3.4-biosphere', 'd16c8806-7701-4fbb-b68d-9b2d5d083d7a')",105.47363505488572
"('ecoinvent-3.4-biosphere', '26296ec9-ff93-41e6-bbbf-6175af04284d')",154.5002304440772
"('ecoinvent-3.4-biosphere', 'c13beafb-2aed-4a52-b09a-78d28913b6ce')",22.35925275290287
"('ecoinvent-3.4-biosphere', 'ed8c57b5-6012-4f21-8b70-92a85923786a')",7370.0
"('ecoinvent-3.4-biosphere', 'b878ca93-d699-421e-a4b6-f694dc627062')",478.0
"('ecoinvent-3.4-biosphere', '621b1cf1-9b47-4c44-b71e-ebeb9afd9bbc')",5900.0
"('ecoinvent-3.4-biosphere', '86c6e6cd-c2f5-4977-bad6-ce9cd48cf721')",167.0
"('ecoinvent-3.4-biosphere', '4f5aad55-54d2-4628-a509-b28ef1929bb4')",553000.0
"('ecoinvent-3.4-biosphere', 'febbfa6e-44d4-42a0-abcd-aec8a428f75e')",167.0
"('ecoinvent-3.4-biosphere', '0878c1c6-4c1d-4f90-a2de-a9383855d5c6')",145000.0
"('ecoinvent-3.4-biosphere', 'ec72c523-9e1a-466a-98c3-e4098e90fd27')",0.6156374807987711
"('ecoinvent-3.4-biosphere', 'a76cf135-2be1-4e53-9423-9211acd100f1')",908.0
"('ecoinvent-3.4-biosphere', '2d65a3f7-2a10-4a10-ac9e-a0cc7cd57979')",553000.0
"('ecoinvent-3.4-biosphere', 'cf3d3dbc-0e4b-402d-92a1-8ea6b4869ed5')",553000.0
"('ecoinvent-3.4-biosphere', '8c2fe757-6866-4ed2-9f89-81012ad774a0')",20.0
"('ecoinvent-3.4-biosphere', '535bbc83-033b-42fe-9a68-8dc9eb420385')",8980000.0
"('ecoinvent-3.4-biosphere', 'eead2933-c2be-4a53-a0bd-bd33b67e4145')",2.0494288293654956
"('ecoinvent-3.4-biosphere', 'e47e4e5f-6528-413d-a8fb-1cd1875fbd73')",167.0
"('ecoinvent-3.4-biosphere', '09a68c14-01f6-4dee-ba29-8b7f400b72b5')",65.8835848944704
"('ecoinvent-3.4-biosphere', 'bc97531c-12d8-4113-bcb2-663a47d12d0f')",26.44232341076278
"('ecoinvent-3.4-biosphere', '3eece329-cf79-4167-93c2-b8d7d7eb5058')",553000.0
"('ecoinvent-3.4-biosphere', '45ed0c16-0e34-45f1-8bf9-3b1ce8489e73')",7370.0
"('ecoinvent-3.4-biosphere', '0f1b21d0-2780-4742-87f2-28fb21a44db5')",4.2
"('ecoinvent-3.4-biosphere', '6f70e7c7-ef61-4489-b4f3-157e7e8541ef')",7370.0
"('ecoinvent-3.4-biosphere', '4f701354-38fd-40b0-8c90-4c1df36ec45a')",37.0
"('ecoinvent-3.4-biosphere', '0d7f8b87-12f4-4e83-a5a2-854e2f2b47de')",167.0
"('ecoinvent-3.4-biosphere', '5bbcdc6d-b1a7-4b63-b625-76060c767de7')",5.503042491692481
"('ecoinvent-3.4-biosphere', '15545dca-018d-4f7f-aa1f-796b707180af')",24399.353563139346
"('ecoinvent-3.4-biosphere', 'c7aee986-b7d8-4ad9-ad45-1ac0d68e6b78')",21.18304772234273
"('ecoinvent-3.4-biosphere', 'a3930b4d-74da-4489-9a50-d175c25d4fe8')",103000.0
"('ecoinvent-3.4-biosphere', 'cfaa80f4-8e19-4fd6-942a-eaea14812896')",7370.0
"('ecoinvent-3.4-biosphere', '16ddda12-daf4-460c-83fb-c361bdbbc9e9')",553000.0
"('ecoinvent-3.4-biosphere', '73b7f080-b7ae-417c-b740-b4c9eabfb35a')",292.0
"('ecoinvent-3.4-biosphere', '7cd1d217-70a7-4452-abc4-3b1100763d6d')",553000.0
"('ecoinvent-3.4-biosphere', '93806a54-46f5-409c-99c5-4144a1e73b5d')",208.96596284480097
"('ecoinvent-3.4-biosphere', 'c7d38707-3b22-4fb1-b001-0c8cad496a60')",553000.0
"('ecoinvent-3.4-biosphere', 'c3b2ba62-b158-47b1-8e1e-e76156e5292a')",25.0
"('ecoinvent-3.4-biosphere', '636a8446-9899-43a6-b4bf-213f25d69c88')",4490000.0
"('ecoinvent-3.4-biosphere', 'f46130cc-dbd4-4a3b-a537-5efbcd89063f')",348.0
"('ecoinvent-3.4-biosphere', '31998285-fb5c-411d-b853-ce78be2a0b49')",292.0
"('ecoinvent-3.4-biosphere', '7a81cd45-7f4c-40b3-989c-6a65f42df999')",2240000.0
"('ecoinvent-3.4-biosphere', '4f684798-3870-45a1-b5f2-aa3444c0b8d6')",292.0
"('ecoinvent-3.4-biosphere', '31b4eea9-640e-4056-ac2f-0555627af18a')",426.0
"('ecoinvent-3.4-biosphere', 'de2d220b-9fe8-4c39-bef7-a76c00d6ff33')",1.5400794159088
"('ecoinvent-3.4-biosphere', '2ba5e39b-adb6-4767-a51d-90c1cf32fe98')",901.0
"('ecoinvent-3.4-biosphere', 'd28f9d42-5df5-41c3-be59-fdfa7ff57112')",553000.0
"('ecoinvent-3.4-biosphere', 'd7cadc9a-f42c-4711-a8e2-0b626c0a4c7a')",37.3030917748353
"('ecoinvent-3.4-biosphere', 'd2bf022d-9cbf-4f19-a8ec-7f507746942b')",42.05550942948642
"('ecoinvent-3.4-biosphere', '99c56f25-9ebb-4e6a-a3e2-e4dc61e9d697')",18.0
"('ecoinvent-3.4-biosphere', 'a64e65fe-3c33-44f1-bd2d-ab7fac07653f')",0.35
"('ecoinvent-3.4-biosphere', '7005a356-23d8-4d38-9dbc-fa75401b400e')",2700000.0
"('ecoinvent-3.4-biosphere', 'ee540366-b970-46af-94d8-4c253ded5577')",131.27912642934612
"('ecoinvent-3.4-biosphere', '9a7380d1-6e23-48ad-b35a-14bd1ecb3133')",0.35
"('ecoinvent-3.4-biosphere', 'e5cbe371-d33e-46ef-a832-a176f5e28520')",361000.0
"('ecoinvent-3.4-biosphere', '3faef344-9e52-47a3-a317-e17b824cc540')",25.0
"('ecoinvent-3.4-biosphere', '2d9f9c6b-8dca-4641-8ff9-53cb8beabd13')",37.0
"('ecoinvent-3.4-biosphere', '3250f566-58bc-46d3-ab88-1d2e23ca3e1b')",4490000.0
"('ecoinvent-3.4-biosphere', 'bea19217-6a28-4711-8142-2e71090c0b46')",90.74538780524249
"('ecoinvent-3.4-biosphere', 'ba2da2fe-3420-45d1-9d1b-58b9e99714eb')",2700000.0
"('ecoinvent-3.4-biosphere', 'eda28c96-8899-4d84-bf18-35c3f1de518e')",908.0
"('ecoinvent-3.4-biosphere', 'c5f5aeb8-7558-4a0c-9594-27621b9cfbc5')",35.987910937894696
"('ecoinvent-3.4-biosphere', '423ef039-6057-4f63-94bd-e9410d024bd0')",0.467428932827375
"('ecoinvent-3.4-biosphere', '06874cbb-2daf-4981-a55e-2c38be5b7277')",908.0
"('ecoinvent-3.4-biosphere', 'd76320f7-6761-4864-92a6-660fa3453ffa')",7370.0
"('ecoinvent-3.4-biosphere', 'ed5ace5c-a203-4816-b33b-9fe0c5f0f519')",292.0
"('ecoinvent-3.4-biosphere', 'd0779a5e-6969-4144-954e-ceb81fb83f15')",10900.0
"('ecoinvent-3.4-biosphere', 'a4375a18-172c-4f82-90b7-bca972f75548')",7.951013653289202
"('ecoinvent-3.4-biosphere', '238f8ea9-98df-41dc-ab93-ea5b549a0b96')",15.576449228375047
"('ecoinvent-3.4-biosphere', '781dda0c-ffeb-4664-9667-7506ce6269b9')",7370.0
"('ecoinvent-3.4-biosphere', '1b35070a-eb57-4f0f-a27f-5ba181ff0d4d')",292.0
"('ecoinvent-3.4-biosphere', 'd6c7644f-0d7c-4bb3-b8bb-686ebede951e')",553000.0
"('ecoinvent-3.4-biosphere', 'f77aacc3-2c22-4bda-99ab-fe1110a1b891')",18.0
"('ecoinvent-3.4-biosphere', '14946240-b1ee-412c-b900-ed5728a4e684')",7370.0
"('ecoinvent-3.4-biosphere', 'a8896ed6-4c9d-4b06-a356-49d8cdd9e9d7')",553000.0
"('ecoinvent-3.4-biosphere', 'ef6dd09f-bddc-49b4-a207-dbaec2f07bb5')",5.0
"('ecoinvent-3.4-biosphere', '3e0034cd-21d6-4582-9fbf-09c26edd05df')",339.79534883720936
"('ecoinvent-3.4-biosphere', 'd61418f3-c1a4-4b95-807c-06b7e1fa2915')",39.0
"('ecoinvent-3.4-biosphere', '5afa470c-ab8c-4ec3-8a18-5c0bed973571')",292.0
"('ecoinvent-3.4-biosphere', '30fed59d-d722-482f-be4f-f3d93bdd2527')",908.0
"('ecoinvent-3.4-biosphere', 'f8f1ba14-9934-4678-8a78-e2cf1fce7775')",25.0
"('ecoinvent-3.4-biosphere', '6df9ea09-115a-4678-9f30-d92c877a46ec')",0.8831643895989424
"('ecoinvent-3.4-biosphere', '7a636bea-94c0-4774-a791-2512b7fbda94')",97.0
"('ecoinvent-3.4-biosphere', '95268685-7bea-4883-a412-119d7e88372c')",553000.0
"('ecoinvent-3.4-biosphere', 'a9ad523f-b721-4f07-ad9f-584053f3454d')",546.0
"('ecoinvent-3.4-biosphere', 'e07b4402-abe3-4346-8c42-051c5983bd1e')",484.1786722934589
"('ecoinvent-3.4-biosphere', '1aee4aa7-32e0-48e7-a6b5-73d8acf672d3')",292.0
"('ecoinvent-3.4-biosphere', 'ff741136-d6ee-444a-a15b-3b308e376db8')",553000.0
"('ecoinvent-3.4-biosphere', '719def62-0941-4264-bc54-97093d847d7a')",908.0
"('ecoinvent-3.4-biosphere', '704399e3-cf6b-483d-84f5-466e91a9d17c')",292.0
"('ecoinvent-3.4-biosphere', '4b8ac2cb-3fa6-4047-a9ab-183d9e63ccac')",8980000.0
"('ecoinvent-3.4-biosphere', '99ee393d-4bd1-4cc8-b0a0-d956865fb7bf')",3.601298831052053
"('ecoinvent-3.4-biosphere', '19988f5b-a9a6-48f3-9e8e-150b66a1bf12')",292.0
"('ecoinvent-3.4-biosphere', 'fcee6eab-e906-4ddf-bc14-2b131b937893')",654.0
"('ecoinvent-3.4-biosphere', '38eff837-5465-47a9-a1c9-e1edd70922ef')",23.54330484330484
"('ecoinvent-3.4-biosphere', '752d138f-3723-42c1-bf5c-ca5316809c4c')",136.0
"('ecoinvent-3.4-biosphere', 'd0696f95-6cb3-453b-b849-c99ba9c90c28')",1.2609427035775969
"('ecoinvent-3.4-biosphere', '8c888d2b-d608-4dac-bad5-1c2a17050838')",553000.0
"('ecoinvent-3.4-biosphere', '7c954971-4bce-41db-9e8b-2b2f049539d7')",348.0
"('ecoinvent-3.4-biosphere', 'a45cd247-3532-4e27-bddc-b519fdb5e08f')",627.0
"('ecoinvent-3.4-biosphere', '4df0eac4-44bb-46b6-b588-e3513a1ead2f')",37.0
"('ecoinvent-3.4-biosphere', 'c8f18160-6937-4bb9-ad0c-dffa942ca41e')",292.0
"('ecoinvent-3.4-biosphere', '0b9159dd-305d-4add-802f-f7b780ed0289')",6.68764677891855
"('ecoinvent-3.4-biosphere', 'bc153c00-6c93-412f-aadc-750f2fc6f9c7')",7370.0
"('ecoinvent-3.4-biosphere', 'c15f6c4d-bf7a-4a7c-91c6-53aad6a630a8')",7370.0
"('ecoinvent-3.4-biosphere', '8508a83c-6a37-4159-93cc-21a2645390ab')",292.0
"('ecoinvent-3.4-biosphere', 'f09c3144-a268-4bed-8ca2-63005b6ef75f')",167.0
"('ecoinvent-3.4-biosphere', '5324b57a-96f1-4dc3-9dc5-544881960f4f')",111.5681603412144
"('ecoinvent-3.4-biosphere', '5514ccd2-469f-4074-9905-529154e7f742')",908.0
"('ecoinvent-3.4-biosphere', 'e2c5109f-9a68-4828-b824-eb2193864803')",145000.0
"('ecoinvent-3.4-biosphere', 'd80610f2-df83-4e2a-9dc3-f74fced6577f')",348.7641784037559
"('ecoinvent-3.4-biosphere', 'cc6a1abb-b123-4ca6-8f16-38209df609be')",5.4584289577131955
"('ecoinvent-3.4-biosphere', '8bc65fca-548d-4831-b102-391bbdd6bc8c')",627.0
"('ecoinvent-3.4-biosphere', '68be4a67-89e0-4cfe-a089-fa8706de230e')",4490000.0
"('ecoinvent-3.4-biosphere', '79df5650-160a-4ab7-a14f-cc8162877f4a')",292.0
"('ecoinvent-3.4-biosphere', '669ab0eb-c020-4b98-bfe4-e0989013121a')",8980000.0
"('ecoinvent-3.4-biosphere', '5f1d740e-804d-4080-8ef9-aeaa0d8e1115')",483000.0
"('ecoinvent-3.4-biosphere', 'adfff256-b19a-4083-9783-ffbc7a7cb437')",7370.0
"('ecoinvent-3.4-biosphere', '60b67dea-a332-4d8d-968b-df8f3df6088a')",553000.0
"('ecoinvent-3.4-biosphere', 'c73e75dc-c02d-4192-ab43-faf29c119fae')",8.378146357726287
"('ecoinvent-3.4-biosphere', '02e8658e-3c88-404c-865d-4d4934661ea6')",10900.0
"('ecoinvent-3.4-biosphere', 'f7519ca9-5ffc-41c3-a33e-806da82cfc0e')",208.96596284480097
"('ecoinvent-3.4-biosphere', 'b569dc97-52fe-4e39-9627-183b1002c287')",292.0
"('ecoinvent-3.4-biosphere', '909bc093-18b2-4a7e-8131-16f68eebc193')",577.0
"('ecoinvent-3.4-biosphere', 'a2a4f255-ad47-4cf8-b6a9-e10885d61407')",4.598224339784694
"('ecoinvent-3.4-biosphere', 'eaa3e9d4-68d6-4267-a7a5-48b141c3861e')",7370.0
